interval_end,mcp,cr_raise,cr_lower,reg_raise,reg_lower,rocof,operational_demand_mw,unscheduled_demand_mw,operational_withdrawal_mw,dpv_mw,trading_interval_end,rtp,stem_price,stem_qty_mwh,stem_bid_mwh,stem_offer_mwh,sent_out_mwh,sent_out_mw,dpv_mw_30min,scada_mwh,scada_mw,scheduled_energy_mw,residual_demand_mw,mcp_lag1,mcp_lag6,mcp_lag12,hour,minute,dow,month,year,is_weekend
2023-10-01 08:00:00,738.0,1180.27,0.49,577.15,0.5,0.0,1606.73,1598.12,-8.61,415.39,2023-10-01 08:00:00,555.99,65.25,84.415,675.462,2181.218,793.08438034,1586.16876068,370.2172,134.091,1609.092,1574.13,1191.3400000000001,,,,8,0,6,10,2023,True
2023-10-01 08:05:00,738.0,1107.77,0.49,577.15,0.5,0.0,1594.24,1586.53,-7.71,427.91,2023-10-01 08:30:00,102.04,65.19,80.206,623.392,2208.662,719.49631135,1438.9926227,596.8801,132.195,1586.34,1567.66,1166.33,738.0,,,8,5,6,10,2023,True
2023-10-01 08:10:00,738.0,689.17,0.1,575.44,0.5,0.0,1581.83,1574.04,-7.79,460.49,2023-10-01 08:30:00,102.04,65.19,80.206,623.392,2208.662,719.49631135,1438.9926227,596.8801,131.132,1573.584,1578.29,1121.34,738.0,,,8,10,6,10,2023,True
2023-10-01 08:15:00,738.0,684.83,0.1,575.44,0.5,0.0,1554.51,1547.28,-7.23,486.06,2023-10-01 08:30:00,102.04,65.19,80.206,623.392,2208.662,719.49631135,1438.9926227,596.8801,130.401,1564.8120000000001,1564.78,1068.45,738.0,,,8,15,6,10,2023,True
2023-10-01 08:20:00,263.54,190.69,0.1,104.88,0.5,0.0,1524.89,1517.86,-7.03,493.67,2023-10-01 08:30:00,102.04,65.19,80.206,623.392,2208.662,719.49631135,1438.9926227,596.8801,128.537,1542.444,1532.4,1031.22,738.0,,,8,20,6,10,2023,True
2023-10-01 08:25:00,120.42,0.21,10.02,0.1,10.61,0.0,1501.79,1495.57,-6.22,535.65,2023-10-01 08:30:00,102.04,65.19,80.206,623.392,2208.662,719.49631135,1438.9926227,596.8801,125.281,1503.372,1490.93,966.14,263.54,,,8,25,6,10,2023,True
2023-10-01 08:30:00,161.42,93.76,10.02,51.31,10.21,0.0,1453.32,1445.03,-8.29,570.66,2023-10-01 08:30:00,102.04,65.19,80.206,623.392,2208.662,719.49631135,1438.9926227,596.8801,121.9,1462.8000000000002,1479.23,882.66,120.42,738.0,,8,30,6,10,2023,True
2023-10-01 08:35:00,107.13,0.21,10.02,0.1,13.29,0.0,1437.39,1430.72,-6.67,647.23,2023-10-01 09:00:00,143.8,65.13,80.879,562.504,2217.154,713.91505902,1427.83011804,530.8784,120.038,1440.456,1462.69,790.1600000000001,161.42,738.0,,8,35,6,10,2023,True
2023-10-01 08:40:00,73.23,1.07,10.02,0.5,57.8,0.0,1392.78,1386.91,-5.87,717.28,2023-10-01 09:00:00,143.8,65.13,80.879,562.504,2217.154,713.91505902,1427.83011804,530.8784,117.449,1409.388,1408.42,675.5,107.13,738.0,,8,40,6,10,2023,True
2023-10-01 08:45:00,73.45,0.23,46.08,0.1,46.97,0.0,1411.63,1406.14,-5.49,712.85,2023-10-01 09:00:00,143.8,65.13,80.879,562.504,2217.154,713.91505902,1427.83011804,530.8784,116.126,1393.5120000000002,1384.53,698.7800000000001,73.23,738.0,,8,45,6,10,2023,True
2023-10-01 08:50:00,98.55,0.22,21.45,0.1,21.87,0.0,1402.67,1397.28,-5.39,754.2,2023-10-01 09:00:00,143.8,65.13,80.879,562.504,2217.154,713.91505902,1427.83011804,530.8784,116.127,1393.524,1339.09,648.47,73.45,263.54,,8,50,6,10,2023,True
2023-10-01 08:55:00,98.47,25.99,33.86,12.67,34.52,0.01,1421.85,1415.4,-6.45,776.66,2023-10-01 09:00:00,143.8,65.13,80.879,562.504,2217.154,713.91505902,1427.83011804,530.8784,117.545,1410.54,1319.67,645.1899999999999,98.55,120.42,,8,55,6,10,2023,True
2023-10-01 09:00:00,165.17,91.99,10.02,50.16,10.21,0.0,1454.06,1446.93,-7.13,784.86,2023-10-01 09:00:00,143.8,65.13,80.879,562.504,2217.154,713.91505902,1427.83011804,530.8784,119.65,1435.8000000000002,1363.71,669.1999999999999,98.47,161.42,738.0,9,0,6,10,2023,True
2023-10-01 09:05:00,184.17,110.99,10.02,60.05,10.61,0.0,1449.33,1442.45,-6.88,768.18,2023-10-01 09:30:00,8.06,65.1,49.41,514.018,2228.727,635.23939611,1270.47879222,796.8456,119.733,1436.796,1437.12,681.15,165.17,107.13,738.0,9,5,6,10,2023,True
2023-10-01 09:10:00,184.22,111.15,10.02,60.13,10.61,0.0,1451.53,1445.34,-6.19,802.18,2023-10-01 09:30:00,8.06,65.1,49.41,514.018,2228.727,635.23939611,1270.47879222,796.8456,120.391,1444.692,1490.2,649.35,184.17,73.23,738.0,9,10,6,10,2023,True
2023-10-01 09:15:00,109.38,0.22,10.95,0.22,11.16,0.0,1405.64,1398.67,-6.97,825.22,2023-10-01 09:30:00,8.06,65.1,49.41,514.018,2228.727,635.23939611,1270.47879222,796.8456,118.696,1424.3519999999999,1455.91,580.4200000000001,184.22,73.45,738.0,9,15,6,10,2023,True
2023-10-01 09:20:00,99.96,0.22,20.07,0.1,20.46,0.0,1362.23,1352.8,-9.43,853.25,2023-10-01 09:30:00,8.06,65.1,49.41,514.018,2228.727,635.23939611,1270.47879222,796.8456,114.75,1377.0,1426.12,508.98,109.38,98.55,263.54,9,20,6,10,2023,True
2023-10-01 09:25:00,119.87,0.21,10.56,0.1,11.16,0.0,1315.81,1303.33,-12.48,905.89,2023-10-01 09:30:00,8.06,65.1,49.41,514.018,2228.727,635.23939611,1270.47879222,796.8456,110.42699999999999,1325.1239999999998,1422.1,409.91999999999996,99.96,98.47,120.42,9,25,6,10,2023,True
2023-10-01 09:30:00,99.96,0.21,30.09,0.1,31.07,0.0,1269.66,1260.93,-8.73,1046.28,2023-10-01 09:30:00,8.06,65.1,49.41,514.018,2228.727,635.23939611,1270.47879222,796.8456,107.899,1294.788,1266.74,223.3800000000001,119.87,165.17,161.42,9,30,6,10,2023,True
2023-10-01 09:35:00,73.17,0.0,46.25,0.0,47.15,0.0,1229.42,1222.93,-6.49,1110.92,2023-10-01 10:00:00,132.61,65.0,25.454,486.922,2242.614,694.71404553,1389.42809106,992.6896,103.42399999999999,1241.088,1239.56,118.5,99.96,184.17,107.13,9,35,6,10,2023,True
2023-10-01 09:40:00,-10.32,98.11,176.56,49.35,179.99,0.0,1218.9,1214.6,-4.3,1176.09,2023-10-01 10:00:00,132.61,65.0,25.454,486.922,2242.614,694.71404553,1389.42809106,992.6896,101.13,1213.56,1183.71,42.81000000000017,73.17,184.22,73.23,9,40,6,10,2023,True
2023-10-01 09:45:00,-52.06,98.11,217.51,49.35,221.73,0.0,1254.45,1250.3,-4.15,1258.22,2023-10-01 10:00:00,132.61,65.0,25.454,486.922,2242.614,694.71404553,1389.42809106,992.6896,102.103,1225.2359999999999,1151.47,-3.769999999999982,-10.32,109.38,73.45,9,45,6,10,2023,True
2023-10-01 09:50:00,-52.06,43.7,190.66,21.98,194.36,0.0,1277.56,1272.01,-5.55,1209.1,2023-10-01 10:00:00,132.61,65.0,25.454,486.922,2242.614,694.71404553,1389.42809106,992.6896,104.661,1255.932,1145.71,68.46000000000004,-52.06,99.96,98.55,9,50,6,10,2023,True
2023-10-01 09:55:00,-10.32,43.7,149.71,21.98,152.62,0.0,1297.24,1292.51,-4.73,1163.7,2023-10-01 10:00:00,132.61,65.0,25.454,486.922,2242.614,694.71404553,1389.42809106,992.6896,107.296,1287.5520000000001,1142.8799999999999,133.53999999999996,-52.06,119.87,98.47,9,55,6,10,2023,True
2023-10-01 10:00:00,96.41,43.7,45.02,21.98,45.89,0.0,1337.18,1330.96,-6.22,1095.41,2023-10-01 10:00:00,132.61,65.0,25.454,486.922,2242.614,694.71404553,1389.42809106,992.6896,109.179,1310.1480000000001,1141.31,241.76999999999998,-10.32,99.96,165.17,10,0,6,10,2023,True
2023-10-01 10:05:00,159.33,158.29,39.84,79.62,40.61,0.0,1409.53,1354.6,-54.93,1009.54,2023-10-01 10:30:00,35.19,-16.4,3.11,462.938,2303.957,652.81121271,1305.62242542,983.4683,112.168,1346.016,1331.16,399.99,96.41,73.17,184.17,10,5,6,10,2023,True
2023-10-01 10:10:00,161.9,163.4,39.84,82.19,40.61,0.0,1407.68,1353.63,-54.05,1023.86,2023-10-01 10:30:00,35.19,-16.4,3.11,462.938,2303.957,652.81121271,1305.62242542,983.4683,113.08500000000001,1357.02,1395.81,383.82000000000005,159.33,-10.32,184.22,10,10,6,10,2023,True
2023-10-01 10:15:00,130.53,0.0,10.95,0.0,11.16,0.0,1384.97,1328.85,-56.12,1005.22,2023-10-01 10:30:00,35.19,-16.4,3.11,462.938,2303.957,652.81121271,1305.62242542,983.4683,112.14699999999999,1345.764,1430.98,379.75,161.9,-52.06,109.38,10,15,6,10,2023,True
2023-10-01 10:20:00,117.12,62.42,42.4,39.14,43.22,0.0,1383.05,1327.43,-55.62,1010.61,2023-10-01 10:30:00,35.19,-16.4,3.11,462.938,2303.957,652.81121271,1305.62242542,983.4683,110.664,1327.968,1365.41,372.43999999999994,130.53,-52.06,99.96,10,20,6,10,2023,True
2023-10-01 10:25:00,130.36,88.9,40.42,50.36,41.2,0.0,1367.89,1311.87,-56.02,1004.73,2023-10-01 10:30:00,35.19,-16.4,3.11,462.938,2303.957,652.81121271,1305.62242542,983.4683,110.463,1325.556,1359.47,363.1600000000001,117.12,-10.32,119.87,10,25,6,10,2023,True
2023-10-01 10:30:00,99.96,0.0,20.84,0.0,21.24,0.0,1327.89,1271.27,-56.62,1035.06,2023-10-01 10:30:00,35.19,-16.4,3.11,462.938,2303.957,652.81121271,1305.62242542,983.4683,107.915,1294.98,1355.12,292.83000000000015,130.36,96.41,99.96,10,30,6,10,2023,True
2023-10-01 10:35:00,-10.32,46.97,150.58,21.98,153.5,0.0,1311.61,1255.64,-55.97,1016.03,2023-10-01 11:00:00,-10.35,-15.64,3.11,455.813,2292.159,604.92560994,1209.85121988,1122.125,105.044,1260.528,1276.46,295.5799999999999,99.96,159.33,73.17,10,35,6,10,2023,True
2023-10-01 10:40:00,71.06,2038.0,2038.0,2038.0,2038.0,0.01,1298.33,1242.36,-55.97,996.62,2023-10-01 11:00:00,-10.35,-15.64,3.11,455.813,2292.159,604.92560994,1209.85121988,1122.125,104.671,1256.0520000000001,1240.81,301.7099999999999,-10.32,161.9,-10.32,10,40,6,10,2023,True
2023-10-01 10:45:00,71.06,123.12,102.08,53.93,104.07,0.0,1279.22,1222.6,-56.62,1028.26,2023-10-01 11:00:00,-10.35,-15.64,3.11,455.813,2292.159,604.92560994,1209.85121988,1122.125,102.774,1233.288,1265.8700000000001,250.96000000000004,71.06,130.53,-52.06,10,45,6,10,2023,True
2023-10-01 10:50:00,-10.32,90.04,172.51,45.29,175.86,0.0,1246.65,1220.47,-26.18,1056.21,2023-10-01 11:00:00,-10.35,-15.64,3.11,455.813,2292.159,604.92560994,1209.85121988,1122.125,101.671,1220.0520000000001,1234.99,190.44000000000005,71.06,117.12,-52.06,10,50,6,10,2023,True
2023-10-01 10:55:00,-10.32,336.84,294.29,169.43,300.0,0.0,1243.13,1237.2,-5.93,1137.72,2023-10-01 11:00:00,-10.35,-15.64,3.11,455.813,2292.159,604.92560994,1209.85121988,1122.125,102.738,1232.856,1189.36,105.41000000000008,-10.32,130.36,-10.32,10,55,6,10,2023,True
2023-10-01 11:00:00,-10.32,336.84,294.29,169.43,300.0,0.0,1204.44,1198.76,-5.68,1183.03,2023-10-01 11:00:00,-10.35,-15.64,3.11,455.813,2292.159,604.92560994,1209.85121988,1122.125,101.934,1223.208,1237.74,21.410000000000082,-10.32,99.96,96.41,11,0,6,10,2023,True
2023-10-01 11:05:00,-10.32,336.84,294.29,169.43,300.0,0.0,1198.05,1192.37,-5.68,1227.48,2023-10-01 11:30:00,-39.0,-14.8,3.11,456.503,2278.593,571.91152668,1143.82305336,1114.687,99.88,1198.56,1237.15,-29.430000000000064,-10.32,-10.32,159.33,11,5,6,10,2023,True
2023-10-01 11:10:00,-10.42,596.42,422.47,300.0,430.67,0.0,1194.72,1189.04,-5.68,1264.81,2023-10-01 11:30:00,-39.0,-14.8,3.11,456.503,2278.593,571.91152668,1143.82305336,1114.687,99.727,1196.7240000000002,1193.07,-70.08999999999992,-10.32,71.06,161.9,11,10,6,10,2023,True
2023-10-01 11:15:00,-10.32,336.84,294.29,169.43,300.0,0.0,1193.21,1187.28,-5.93,1347.26,2023-10-01 11:30:00,-39.0,-14.8,3.11,456.503,2278.593,571.91152668,1143.82305336,1114.687,99.08800000000001,1189.056,1239.12,-154.04999999999995,-10.42,71.06,130.53,11,15,6,10,2023,True
2023-10-01 11:20:00,-10.41,596.42,422.46,300.0,430.66,0.0,1181.61,1175.93,-5.68,1348.36,2023-10-01 11:30:00,-39.0,-14.8,3.11,456.503,2278.593,571.91152668,1143.82305336,1114.687,99.495,1193.94,1193.94,-166.75,-10.32,-10.32,117.12,11,20,6,10,2023,True
2023-10-01 11:25:00,-10.32,341.74,422.37,300.0,430.57,0.01,1176.76,1171.08,-5.68,1296.11,2023-10-01 11:30:00,-39.0,-14.8,3.11,456.503,2278.593,571.91152668,1143.82305336,1114.687,98.477,1181.7240000000002,1171.41,-119.34999999999991,-10.41,-10.32,130.36,11,25,6,10,2023,True
2023-10-01 11:30:00,-10.32,341.74,422.37,300.0,430.57,0.01,1136.68,1130.7,-5.98,1280.78,2023-10-01 11:30:00,-39.0,-14.8,3.11,456.503,2278.593,571.91152668,1143.82305336,1114.687,96.035,1152.42,1213.83,-144.0999999999999,-10.32,-10.32,99.96,11,30,6,10,2023,True
2023-10-01 11:35:00,-10.32,1823.64,949.19,837.05,967.62,0.01,1128.48,1122.8,-5.68,1314.53,2023-10-01 12:00:00,-31.34,12.73,3.11,455.953,2277.028,606.06396123,1212.12792246,1052.212,93.465,1121.58,1158.34,-186.04999999999995,-10.32,-10.32,-10.32,11,35,6,10,2023,True
2023-10-01 11:40:00,-52.5,2038.0,2038.0,2038.0,2038.0,0.0,1111.81,1105.72,-6.09,1358.17,2023-10-01 12:00:00,-31.34,12.73,3.11,455.953,2277.028,606.06396123,1212.12792246,1052.212,93.018,1116.216,1079.35,-246.36000000000013,-10.32,-10.42,71.06,11,40,6,10,2023,True
2023-10-01 11:45:00,-52.5,653.59,463.75,300.0,472.75,0.01,1117.3,1105.18,-12.12,1457.0,2023-10-01 12:00:00,-31.34,12.73,3.11,455.953,2277.028,606.06396123,1212.12792246,1052.212,92.579,1110.9479999999999,1059.72,-339.70000000000005,-52.5,-10.32,71.06,11,45,6,10,2023,True
2023-10-01 11:50:00,-54.19,300.0,465.4,300.0,474.44,0.0,1156.81,1101.49,-55.32,1461.29,2023-10-01 12:00:00,-31.34,12.73,3.11,455.953,2277.028,606.06396123,1212.12792246,1052.212,91.851,1102.212,1051.55,-304.48,-52.5,-10.41,-10.32,11,50,6,10,2023,True
2023-10-01 11:55:00,-54.19,300.0,465.4,300.0,474.44,0.0,1170.69,1114.12,-56.57,1454.97,2023-10-01 12:00:00,-31.34,12.73,3.11,455.953,2277.028,606.06396123,1212.12792246,1052.212,91.751,1101.0120000000002,1079.73,-284.28,-54.19,-10.32,-10.32,11,55,6,10,2023,True
2023-10-01 12:00:00,-52.5,300.0,463.75,300.0,472.75,0.0,1183.7,1138.72,-44.98,1471.21,2023-10-01 12:00:00,-31.34,12.73,3.11,455.953,2277.028,606.06396123,1212.12792246,1052.212,94.056,1128.672,1107.84,-287.51,-54.19,-10.32,-10.32,12,0,6,10,2023,True
2023-10-01 12:05:00,-52.5,22.05,191.02,21.98,194.73,0.0,1195.05,1169.57,-25.48,1373.78,2023-10-01 12:30:00,-24.12,11.06,3.11,456.487,2286.363,620.79247583,1241.58495166,1025.747,96.229,1154.748,1139.87,-178.73000000000002,-52.5,-10.32,-10.32,12,5,6,10,2023,True
2023-10-01 12:10:00,-52.06,0.0,169.03,0.0,172.31,0.0,1196.12,1190.3,-5.82,1406.85,2023-10-01 12:30:00,-24.12,11.06,3.11,456.487,2286.363,620.79247583,1241.58495166,1025.747,98.294,1179.528,1136.58,-210.73000000000002,-52.5,-52.5,-10.42,12,10,6,10,2023,True
2023-10-01 12:15:00,-10.32,47.37,149.64,21.98,152.55,0.0,1205.52,1199.95,-5.57,1285.46,2023-10-01 12:30:00,-24.12,11.06,3.11,456.487,2286.363,620.79247583,1241.58495166,1025.747,99.308,1191.6960000000001,1195.99,-79.94000000000005,-52.06,-52.5,-10.32,12,15,6,10,2023,True
2023-10-01 12:20:00,-10.32,47.37,149.64,21.98,152.55,0.0,1226.07,1219.95,-6.12,1197.82,2023-10-01 12:30:00,-24.12,11.06,3.11,456.487,2286.363,620.79247583,1241.58495166,1025.747,100.36,1204.32,1284.24,28.25,-10.32,-54.19,-10.41,12,20,6,10,2023,True
2023-10-01 12:25:00,-10.32,47.37,149.64,21.98,152.55,0.0,1249.73,1243.91,-5.82,1200.12,2023-10-01 12:30:00,-24.12,11.06,3.11,456.487,2286.363,620.79247583,1241.58495166,1025.747,102.585,1231.02,1278.01,49.61000000000013,-10.32,-54.19,-10.32,12,25,6,10,2023,True
2023-10-01 12:30:00,-10.32,41.74,147.08,19.37,149.94,0.0,1230.99,1224.93,-6.06,1144.74,2023-10-01 12:30:00,-24.12,11.06,3.11,456.487,2286.363,620.79247583,1241.58495166,1025.747,102.753,1233.036,1268.04,86.25,-10.32,-52.5,-10.32,12,30,6,10,2023,True
2023-10-01 12:35:00,-10.32,41.74,147.08,19.37,149.94,0.0,1208.06,1201.9,-6.16,1146.68,2023-10-01 13:00:00,-17.24,11.79,3.11,457.123,2302.693,672.72455092,1345.44910184,939.2448,101.791,1221.492,1255.22,61.37999999999988,-10.32,-52.5,-10.32,12,35,6,10,2023,True
2023-10-01 12:40:00,-10.32,41.74,147.8,20.1,150.67,0.0,1189.49,1183.42,-6.07,1151.69,2023-10-01 13:00:00,-17.24,11.79,3.11,457.123,2302.693,672.72455092,1345.44910184,939.2448,99.66,1195.92,1223.87,37.799999999999955,-10.32,-52.06,-52.5,12,40,6,10,2023,True
2023-10-01 12:45:00,-10.42,41.64,147.85,20.05,150.72,0.0,1221.98,1182.41,-39.57,1186.48,2023-10-01 13:00:00,-17.24,11.79,3.11,457.123,2302.693,672.72455092,1345.44910184,939.2448,99.53,1194.3600000000001,1196.59,35.5,-10.32,-10.32,-52.5,12,45,6,10,2023,True
2023-10-01 12:50:00,-51.26,0.8,169.01,0.78,172.29,0.0,1276.16,1220.69,-55.47,1226.53,2023-10-01 13:00:00,-17.24,11.79,3.11,457.123,2302.693,672.72455092,1345.44910184,939.2448,99.87299999999999,1198.4759999999999,1172.59,49.63000000000011,-10.42,-10.32,-54.19,12,50,6,10,2023,True
2023-10-01 12:55:00,-52.06,0.0,169.03,0.0,172.31,0.0,1280.63,1226.16,-54.47,1229.24,2023-10-01 13:00:00,-17.24,11.79,3.11,457.123,2302.693,672.72455092,1345.44910184,939.2448,101.969,1223.628,1123.5,51.3900000000001,-51.26,-10.32,-54.19,12,55,6,10,2023,True
2023-10-01 13:00:00,-51.83,0.23,168.9,0.1,172.18,0.0,1287.56,1231.99,-55.57,1233.95,2023-10-01 13:00:00,-17.24,11.79,3.11,457.123,2302.693,672.72455092,1345.44910184,939.2448,101.748,1220.976,1194.23,53.6099999999999,-52.06,-10.32,-52.5,13,0,6,10,2023,True
2023-10-01 13:05:00,-10.32,41.74,145.24,17.49,148.06,0.0,1275.79,1265.02,-10.77,1239.73,2023-10-01 13:30:00,4.73,13.18,3.11,458.097,2326.712,700.87937149,1401.75874298,609.5172,103.758,1245.096,1281.72,36.059999999999945,-51.83,-10.32,-52.5,13,5,6,10,2023,True
2023-10-01 13:10:00,-10.32,41.74,147.8,20.1,150.67,0.0,1324.31,1318.74,-5.57,1220.36,2023-10-01 13:30:00,4.73,13.18,3.11,458.097,2326.712,700.87937149,1401.75874298,609.5172,107.631,1291.5720000000001,1309.59,103.95000000000005,-10.32,-10.32,-52.06,13,10,6,10,2023,True
2023-10-01 13:15:00,-10.32,41.74,145.24,17.49,148.06,0.0,1385.75,1379.63,-6.12,1168.5,2023-10-01 13:30:00,4.73,13.18,3.11,458.097,2326.712,700.87937149,1401.75874298,609.5172,112.859,1354.308,1329.74,217.25,-10.32,-10.42,-10.32,13,15,6,10,2023,True
2023-10-01 13:20:00,-10.32,41.74,145.24,17.49,148.06,0.0,1401.81,1395.54,-6.27,1083.94,2023-10-01 13:30:00,4.73,13.18,3.11,458.097,2326.712,700.87937149,1401.75874298,609.5172,115.766,1389.192,1310.36,317.8699999999999,-10.32,-51.26,-10.32,13,20,6,10,2023,True
2023-10-01 13:25:00,-10.32,41.74,145.24,17.49,148.06,0.0,1392.91,1386.64,-6.27,996.65,2023-10-01 13:30:00,4.73,13.18,3.11,458.097,2326.712,700.87937149,1401.75874298,609.5172,115.825,1389.9,1431.72,396.2600000000001,-10.32,-52.06,-10.32,13,25,6,10,2023,True
2023-10-01 13:30:00,72.3,124.36,78.01,27.13,79.92,0.0,1385.91,1379.39,-6.52,982.21,2023-10-01 13:30:00,4.73,13.18,3.11,458.097,2326.712,700.87937149,1401.75874298,609.5172,114.936,1379.232,1516.8,403.70000000000005,-10.32,-51.83,-10.32,13,30,6,10,2023,True
2023-10-01 13:35:00,-2.56,49.5,142.03,21.98,144.79,0.0,1384.87,1378.21,-6.66,983.88,2023-10-01 14:00:00,-8.84,13.18,3.11,461.368,2353.591,745.23234243,1490.46468486,604.087,114.886,1378.632,1492.29,400.9899999999999,72.3,-10.32,-10.32,13,35,6,10,2023,True
2023-10-01 13:40:00,-10.32,41.74,147.8,20.1,150.67,0.0,1381.45,1374.79,-6.66,979.76,2023-10-01 14:00:00,-8.84,13.18,3.11,461.368,2353.591,745.23234243,1490.46468486,604.087,114.482,1373.784,1370.12,401.69000000000005,-2.56,-10.32,-10.32,13,40,6,10,2023,True
2023-10-01 13:45:00,-10.32,41.74,145.24,17.49,148.06,0.0,1388.79,1382.27,-6.52,1005.36,2023-10-01 14:00:00,-8.84,13.18,3.11,461.368,2353.591,745.23234243,1490.46468486,604.087,115.127,1381.524,1334.15,383.42999999999995,-10.32,-10.32,-10.42,13,45,6,10,2023,True
2023-10-01 13:50:00,-10.42,41.64,145.3,17.45,148.12,0.0,1404.57,1387.41,-17.16,1034.59,2023-10-01 14:00:00,-8.84,13.18,3.11,461.368,2353.591,745.23234243,1490.46468486,604.087,115.977,1391.7240000000002,1319.49,369.98,-10.32,-10.32,-51.26,13,50,6,10,2023,True
2023-10-01 13:55:00,-10.32,41.74,145.24,17.49,148.06,0.0,1412.9,1404.71,-8.19,1068.33,2023-10-01 14:00:00,-8.84,13.18,3.11,461.368,2353.591,745.23234243,1490.46468486,604.087,116.843,1402.116,1382.11,344.57000000000016,-10.42,-10.32,-52.06,13,55,6,10,2023,True
2023-10-01 14:00:00,-10.32,0.24,128.18,0.1,130.67,0.0,1450.1,1445.65,-4.45,1034.92,2023-10-01 14:00:00,-8.84,13.18,3.11,461.368,2353.591,745.23234243,1490.46468486,604.087,119.539,1434.468,1410.1,415.17999999999984,-10.32,72.3,-51.83,14,0,6,10,2023,True
2023-10-01 14:05:00,-10.32,0.24,128.18,0.1,130.67,0.0,1457.37,1452.52,-4.85,983.71,2023-10-01 14:30:00,18.35,30.0,7.042,466.982,2394.336,770.72185431,1541.44370862,661.4707,120.396,1444.752,1435.84,473.65999999999985,-10.32,-2.56,-10.32,14,5,6,10,2023,True
2023-10-01 14:10:00,-10.32,0.24,128.18,0.1,130.67,0.0,1455.56,1451.01,-4.55,941.84,2023-10-01 14:30:00,18.35,30.0,7.042,466.982,2394.336,770.72185431,1541.44370862,661.4707,120.896,1450.752,1520.26,513.7199999999999,-10.32,-10.32,-10.32,14,10,6,10,2023,True
2023-10-01 14:15:00,-1.41,50.65,140.91,21.98,143.65,0.0,1504.03,1499.34,-4.69,1042.47,2023-10-01 14:30:00,18.35,30.0,7.042,466.982,2394.336,770.72185431,1541.44370862,661.4707,122.517,1470.204,1541.6499999999999,461.55999999999995,-10.32,-10.32,-10.32,14,15,6,10,2023,True
2023-10-01 14:20:00,-10.32,41.74,92.64,18.12,148.69,0.0,1519.24,1514.55,-4.69,972.0,2023-10-01 14:30:00,18.35,30.0,7.042,466.982,2394.336,770.72185431,1541.44370862,661.4707,125.076,1500.9119999999998,1483.48,547.24,-1.41,-10.42,-10.32,14,20,6,10,2023,True
2023-10-01 14:25:00,-10.32,41.74,92.64,18.12,148.69,0.0,1524.98,1520.33,-4.65,935.56,2023-10-01 14:30:00,18.35,30.0,7.042,466.982,2394.336,770.72185431,1541.44370862,661.4707,126.336,1516.032,1517.46,589.4200000000001,-10.32,-10.32,-10.32,14,25,6,10,2023,True
2023-10-01 14:30:00,-1.41,50.65,83.73,21.98,143.65,0.0,1517.16,1511.67,-5.49,898.88,2023-10-01 14:30:00,18.35,30.0,7.042,466.982,2394.336,770.72185431,1541.44370862,661.4707,126.991,1523.892,1522.48,618.2800000000001,-10.32,-10.32,72.3,14,30,6,10,2023,True
2023-10-01 14:35:00,71.4,61.98,10.92,21.98,75.75,0.0,1525.76,1520.98,-4.78,882.32,2023-10-01 15:00:00,-10.32,30.0,7.156,506.793,2408.954,818.86186217,1637.72372434,417.8832,126.585,1519.02,1581.28,643.4399999999999,-1.41,-10.32,-2.56,14,35,6,10,2023,True
2023-10-01 14:40:00,71.06,61.98,11.26,21.98,76.09,0.0,1517.61,1512.73,-4.88,874.28,2023-10-01 15:00:00,-10.32,30.0,7.156,506.793,2408.954,818.86186217,1637.72372434,417.8832,126.832,1521.984,1568.5,643.3299999999999,71.4,-10.32,-10.32,14,40,6,10,2023,True
2023-10-01 14:45:00,-10.32,41.74,92.64,18.12,148.69,0.0,1510.41,1505.88,-4.53,882.18,2023-10-01 15:00:00,-10.32,30.0,7.156,506.793,2408.954,818.86186217,1637.72372434,417.8832,125.237,1502.844,1511.28,628.2300000000001,71.06,-1.41,-10.32,14,45,6,10,2023,True
2023-10-01 14:50:00,-10.32,41.74,92.64,18.12,148.69,0.0,1547.38,1542.85,-4.53,827.28,2023-10-01 15:00:00,-10.32,30.0,7.156,506.793,2408.954,818.86186217,1637.72372434,417.8832,126.70700000000001,1520.4840000000002,1487.03,720.1000000000001,-10.32,-10.32,-10.42,14,50,6,10,2023,True
2023-10-01 14:55:00,-10.32,0.24,92.64,0.1,130.67,0.0,1584.0,1578.62,-5.38,803.05,2023-10-01 15:00:00,-10.32,30.0,7.156,506.793,2408.954,818.86186217,1637.72372434,417.8832,130.593,1567.116,1553.33,780.95,-10.32,-10.32,-10.32,14,55,6,10,2023,True
2023-10-01 15:00:00,-10.32,0.24,92.64,0.1,130.67,0.0,1601.68,1596.46,-5.22,718.52,2023-10-01 15:00:00,-10.32,30.0,7.156,506.793,2408.954,818.86186217,1637.72372434,417.8832,131.709,1580.508,1647.32,883.1600000000001,-10.32,-1.41,-10.32,15,0,6,10,2023,True
2023-10-01 15:05:00,-10.32,41.74,92.64,18.45,149.02,0.0,1624.17,1619.15,-5.02,699.29,2023-10-01 15:30:00,16.04,40.0,27.394,558.735,2418.219,888.48756226,1776.97512452,333.416,134.04999999999998,1608.6,1672.73,924.8800000000001,-10.32,71.4,-10.32,15,5,6,10,2023,True
2023-10-01 15:10:00,-10.32,41.74,92.64,18.66,149.23,0.0,1602.23,1597.94,-4.29,680.59,2023-10-01 15:30:00,16.04,40.0,27.394,558.735,2418.219,888.48756226,1776.97512452,333.416,133.912,1606.944,1646.06,921.64,-10.32,71.06,-10.32,15,10,6,10,2023,True
2023-10-01 15:15:00,-10.32,1.02,92.64,0.5,131.07,0.0,1631.73,1627.34,-4.39,674.69,2023-10-01 15:30:00,16.04,40.0,27.394,558.735,2418.219,888.48756226,1776.97512452,333.416,134.255,1611.06,1633.46,957.04,-10.32,-10.32,-1.41,15,15,6,10,2023,True
2023-10-01 15:20:00,-10.32,1.02,92.64,0.5,131.07,0.0,1663.77,1659.48,-4.29,689.05,2023-10-01 15:30:00,16.04,40.0,27.394,558.735,2418.219,888.48756226,1776.97512452,333.416,137.428,1649.136,1604.11,974.72,-10.32,-10.32,-10.32,15,20,6,10,2023,True
2023-10-01 15:25:00,-10.32,41.74,92.64,18.78,149.35,0.0,1707.96,1703.43,-4.53,707.54,2023-10-01 15:30:00,16.04,40.0,27.394,558.735,2418.219,888.48756226,1776.97512452,333.416,141.456,1697.4719999999998,1652.61,1000.4200000000001,-10.32,-10.32,-10.32,15,25,6,10,2023,True
2023-10-01 15:30:00,-10.32,1.05,92.64,0.5,131.07,0.0,1734.03,1729.5,-4.53,673.78,2023-10-01 15:30:00,16.04,40.0,27.394,558.735,2418.219,888.48756226,1776.97512452,333.416,143.46,1721.52,1719.46,1060.25,-10.32,-10.32,-1.41,15,30,6,10,2023,True
2023-10-01 15:35:00,-10.32,1.05,92.64,0.5,131.07,0.0,1730.86,1725.78,-5.08,612.03,2023-10-01 16:00:00,17.2,60.0,39.02,626.154,2423.596,920.80473068,1841.60946136,234.5703,144.349,1732.1879999999999,1764.26,1118.83,-10.32,-10.32,71.4,15,35,6,10,2023,True
2023-10-01 15:40:00,72.3,112.17,10.02,21.98,108.68,0.0,1756.59,1751.71,-4.88,567.69,2023-10-01 16:00:00,17.2,60.0,39.02,626.154,2423.596,920.80473068,1841.60946136,234.5703,145.73,1748.7599999999998,1797.83,1188.8999999999999,-10.32,-10.32,71.06,15,40,6,10,2023,True
2023-10-01 15:45:00,-10.32,41.74,92.64,19.99,150.56,0.0,1789.07,1784.19,-4.88,524.96,2023-10-01 16:00:00,17.2,60.0,39.02,626.154,2423.596,920.80473068,1841.60946136,234.5703,148.107,1777.284,1785.3899999999999,1264.11,72.3,-10.32,-10.32,15,45,6,10,2023,True
2023-10-01 15:50:00,-8.28,43.78,81.45,21.98,150.51,0.0,1803.32,1798.44,-4.88,517.48,2023-10-01 16:00:00,17.2,60.0,39.02,626.154,2423.596,920.80473068,1841.60946136,234.5703,148.795,1785.54,1799.54,1285.84,-10.32,-10.32,-10.32,15,50,6,10,2023,True
2023-10-01 15:55:00,63.15,115.21,10.02,21.98,84.0,0.0,1792.81,1787.69,-5.12,524.02,2023-10-01 16:00:00,17.2,60.0,39.02,626.154,2423.596,920.80473068,1841.60946136,234.5703,149.774,1797.288,1821.41,1268.79,-8.28,-10.32,-10.32,15,55,6,10,2023,True
2023-10-01 16:00:00,-8.28,43.78,81.45,21.98,150.51,0.0,1822.66,1818.63,-4.03,515.42,2023-10-01 16:00:00,17.2,60.0,39.02,626.154,2423.596,920.80473068,1841.60946136,234.5703,149.659,1795.908,1828.44,1307.2400000000002,63.15,-10.32,-10.32,16,0,6,10,2023,True
2023-10-01 16:05:00,-10.32,41.74,83.49,19.33,149.9,0.0,1793.49,1789.9,-3.59,542.3,2023-10-01 16:30:00,89.39,65.1,72.809,718.381,2424.801,1009.89849909,2019.79699818,179.3011,150.083,1800.996,1812.55,1251.19,-8.28,-10.32,-10.32,16,5,6,10,2023,True
2023-10-01 16:10:00,-10.32,41.74,83.49,19.12,149.69,0.0,1807.29,1803.21,-4.08,575.31,2023-10-01 16:30:00,89.39,65.1,72.809,718.381,2424.801,1009.89849909,2019.79699818,179.3011,149.64,1795.6799999999998,1806.69,1231.98,-10.32,72.3,-10.32,16,10,6,10,2023,True
2023-10-01 16:15:00,-10.32,1.04,92.64,0.5,131.07,0.0,1845.13,1841.54,-3.59,516.3,2023-10-01 16:30:00,89.39,65.1,72.809,718.381,2424.801,1009.89849909,2019.79699818,179.3011,152.46,1829.52,1783.55,1328.8300000000002,-10.32,-10.32,-10.32,16,15,6,10,2023,True
2023-10-01 16:20:00,71.06,46.87,11.26,21.98,71.17,0.0,1866.0,1861.62,-4.38,518.87,2023-10-01 16:30:00,89.39,65.1,72.809,718.381,2424.801,1009.89849909,2019.79699818,179.3011,154.823,1857.8760000000002,1828.79,1347.13,-10.32,-8.28,-10.32,16,20,6,10,2023,True
2023-10-01 16:25:00,71.4,57.36,10.92,21.98,75.75,0.0,1899.65,1895.82,-3.83,494.86,2023-10-01 16:30:00,89.39,65.1,72.809,718.381,2424.801,1009.89849909,2019.79699818,179.3011,157.445,1889.34,1887.01,1404.79,71.06,63.15,-10.32,16,25,6,10,2023,True
2023-10-01 16:30:00,71.79,44.4,10.53,21.98,70.44,0.0,1949.23,1945.4,-3.83,447.0,2023-10-01 16:30:00,89.39,65.1,72.809,718.381,2424.801,1009.89849909,2019.79699818,179.3011,160.325,1923.8999999999999,1919.27,1502.23,71.4,-8.28,-10.32,16,30,6,10,2023,True
2023-10-01 16:35:00,73.17,123.88,105.34,21.98,107.78,0.0,1974.21,1971.32,-2.89,409.22,2023-10-01 17:00:00,74.98,68.43,57.312,821.194,2424.991,1082.74719624,2165.49439248,115.4806,162.985,1955.8200000000002,1992.36,1564.99,71.79,-10.32,-10.32,16,35,6,10,2023,True
2023-10-01 16:40:00,97.64,53.43,48.18,21.98,49.11,0.0,2000.57,1997.44,-3.13,364.59,2023-10-01 17:00:00,74.98,68.43,57.312,821.194,2424.991,1082.74719624,2165.49439248,115.4806,165.898,1990.7759999999998,2031.85,1635.98,73.17,-10.32,72.3,16,40,6,10,2023,True
2023-10-01 16:45:00,97.64,149.7,48.18,21.98,49.11,0.0,2043.4,2039.97,-3.43,316.17,2023-10-01 17:00:00,74.98,68.43,57.312,821.194,2424.991,1082.74719624,2165.49439248,115.4806,168.874,2026.4879999999998,2050.25,1727.23,97.64,-10.32,-10.32,16,45,6,10,2023,True
2023-10-01 16:50:00,98.47,150.53,47.36,21.98,48.28,0.0,2075.15,2071.77,-3.38,279.26,2023-10-01 17:00:00,74.98,68.43,57.312,821.194,2424.991,1082.74719624,2165.49439248,115.4806,172.089,2065.068,2076.03,1795.89,97.64,71.06,-8.28,16,50,6,10,2023,True
2023-10-01 16:55:00,97.64,188.69,48.18,21.98,49.11,0.0,2091.05,2088.87,-2.18,242.67,2023-10-01 17:00:00,74.98,68.43,57.312,821.194,2424.991,1082.74719624,2165.49439248,115.4806,173.874,2086.488,2107.33,1848.38,98.47,71.4,63.15,16,55,6,10,2023,True
2023-10-01 17:00:00,74.83,143.07,70.55,21.98,71.92,0.0,2112.57,2110.19,-2.38,197.63,2023-10-01 17:00:00,74.98,68.43,57.312,821.194,2424.991,1082.74719624,2165.49439248,115.4806,175.622,2107.464,2127.12,1914.94,97.64,71.79,-8.28,17,0,6,10,2023,True
2023-10-01 17:05:00,73.61,125.67,10.02,21.98,68.62,0.0,2136.12,2133.89,-2.23,208.6,2023-10-01 17:30:00,71.65,73.38,72.585,873.789,2416.411,1124.0041131,2248.0082262,1.82104,177.393,2128.716,2148.12,1927.52,74.83,73.17,-10.32,17,5,6,10,2023,True
2023-10-01 17:10:00,73.19,51.79,10.02,19.11,66.17,0.0,2148.67,2146.44,-2.23,190.2,2023-10-01 17:30:00,71.65,73.38,72.585,873.789,2416.411,1124.0041131,2248.0082262,1.82104,178.858,2146.2960000000003,2171.62,1958.47,73.61,97.64,-10.32,17,10,6,10,2023,True
2023-10-01 17:15:00,73.19,32.88,10.02,18.38,65.44,0.0,2173.59,2171.11,-2.48,167.95,2023-10-01 17:30:00,71.65,73.38,72.585,873.789,2416.411,1124.0041131,2248.0082262,1.82104,180.004,2160.048,2156.73,2005.64,73.19,97.64,-10.32,17,15,6,10,2023,True
2023-10-01 17:20:00,76.79,39.32,10.02,21.98,65.44,0.0,2188.66,2186.73,-1.93,148.02,2023-10-01 17:30:00,71.65,73.38,72.585,873.789,2416.411,1124.0041131,2248.0082262,1.82104,181.796,2181.5519999999997,2165.79,2040.6399999999999,73.19,98.47,71.06,17,20,6,10,2023,True
2023-10-01 17:25:00,78.24,146.48,10.02,21.98,63.99,0.0,2222.69,2220.27,-2.42,125.56,2023-10-01 17:30:00,71.65,73.38,72.585,873.789,2416.411,1124.0041131,2248.0082262,1.82104,183.078,2196.936,2214.98,2097.13,76.79,97.64,71.4,17,25,6,10,2023,True
2023-10-01 17:30:00,71.4,1.29,10.02,0.5,49.35,0.0,2201.05,2199.12,-1.93,111.44,2023-10-01 17:30:00,71.65,73.38,72.585,873.789,2416.411,1124.0041131,2248.0082262,1.82104,183.141,2197.692,2229.72,2089.61,78.24,74.83,71.79,17,30,6,10,2023,True
2023-10-01 17:35:00,71.7,3.13,10.02,0.5,11.16,0.0,2214.32,2212.63,-1.69,103.88,2023-10-01 18:00:00,98.65,73.1,78.023,986.416,2409.275,1158.08293308,2316.16586616,0.0,184.063,2208.756,2235.54,2110.44,71.4,73.61,73.17,17,35,6,10,2023,True
2023-10-01 17:40:00,71.4,0.71,10.02,0.23,11.16,0.0,2241.67,2239.74,-1.93,99.87,2023-10-01 18:00:00,98.65,73.1,78.023,986.416,2409.275,1158.08293308,2316.16586616,0.0,185.35,2224.2,2226.04,2141.8,71.7,73.19,97.64,17,40,6,10,2023,True
2023-10-01 17:45:00,71.4,0.71,10.02,0.23,11.16,0.0,2243.15,2241.22,-1.93,83.64,2023-10-01 18:00:00,98.65,73.1,78.023,986.416,2409.275,1158.08293308,2316.16586616,0.0,186.614,2239.368,2228.06,2159.51,71.4,73.19,97.64,17,45,6,10,2023,True
2023-10-01 17:50:00,71.69,0.0,10.02,0.0,11.16,0.0,2270.41,2268.23,-2.18,63.64,2023-10-01 18:00:00,98.65,73.1,78.023,986.416,2409.275,1158.08293308,2316.16586616,0.0,188.531,2262.3720000000003,2249.53,2206.77,71.4,76.79,98.47,17,50,6,10,2023,True
2023-10-01 17:55:00,72.3,0.22,10.02,0.07,11.16,0.0,2283.95,2282.02,-1.93,43.47,2023-10-01 18:00:00,98.65,73.1,78.023,986.416,2409.275,1158.08293308,2316.16586616,0.0,190.036,2280.432,2257.53,2240.48,71.69,78.24,97.64,17,55,6,10,2023,True
2023-10-01 18:00:00,98.55,180.59,10.02,0.5,11.16,0.0,2283.49,2281.56,-1.93,26.74,2023-10-01 18:00:00,98.65,73.1,78.023,986.416,2409.275,1158.08293308,2316.16586616,0.0,190.842,2290.1040000000003,2277.38,2256.75,72.3,71.4,74.83,18,0,6,10,2023,True
2023-10-01 18:05:00,97.64,24.77,10.02,12.31,34.92,0.0,2285.56,2283.38,-2.18,16.92,2023-10-01 18:30:00,99.81,73.25,62.184,1002.004,2405.515,1177.77351636,2355.54703272,0.0,190.762,2289.1440000000002,2292.0099999999998,2268.64,98.55,71.7,73.61,18,5,6,10,2023,True
2023-10-01 18:10:00,98.47,25.61,10.02,12.73,34.51,0.0,2312.5,2310.32,-2.18,11.28,2023-10-01 18:30:00,99.81,73.25,62.184,1002.004,2405.515,1177.77351636,2355.54703272,0.0,191.815,2301.7799999999997,2304.65,2301.22,97.64,71.4,73.19,18,10,6,10,2023,True
2023-10-01 18:15:00,98.59,25.73,10.02,12.79,34.45,0.0,2322.48,2320.06,-2.42,6.39,2023-10-01 18:30:00,99.81,73.25,62.184,1002.004,2405.515,1177.77351636,2355.54703272,0.0,192.915,2314.98,2311.06,2316.09,98.47,71.4,73.19,18,15,6,10,2023,True
2023-10-01 18:20:00,98.71,25.78,10.02,12.94,34.48,0.0,2307.18,2305.49,-1.69,2.91,2023-10-01 18:30:00,99.81,73.25,62.184,1002.004,2405.515,1177.77351636,2355.54703272,0.0,193.178,2318.136,2317.27,2304.27,98.59,71.69,76.79,18,20,6,10,2023,True
2023-10-01 18:25:00,99.96,27.04,10.02,13.57,33.87,0.0,2326.46,2324.53,-1.93,1.52,2023-10-01 18:30:00,99.81,73.25,62.184,1002.004,2405.515,1177.77351636,2355.54703272,0.0,193.275,2319.3,2328.9900000000002,2324.94,98.71,72.3,78.24,18,25,6,10,2023,True
2023-10-01 18:30:00,99.96,27.04,10.02,13.57,33.87,0.0,2342.52,2340.59,-1.93,1.18,2023-10-01 18:30:00,99.81,73.25,62.184,1002.004,2405.515,1177.77351636,2355.54703272,0.0,194.33599999999998,2332.0319999999997,2318.79,2341.34,99.96,98.55,71.4,18,30,6,10,2023,True
2023-10-01 18:35:00,98.71,25.78,10.02,12.94,34.49,0.0,2336.21,2334.03,-2.18,1.18,2023-10-01 19:00:00,101.4,73.29,78.919,993.605,2402.248,1164.12481896,2328.24963792,0.0,195.006,2340.072,2319.0099999999998,2335.03,99.96,97.64,71.7,18,35,6,10,2023,True
2023-10-01 18:40:00,98.59,25.66,10.02,12.88,34.55,0.0,2342.16,2340.23,-1.93,1.21,2023-10-01 19:00:00,101.4,73.29,78.919,993.605,2402.248,1164.12481896,2328.24963792,0.0,195.51,2346.12,2331.83,2340.95,98.71,98.47,71.4,18,40,6,10,2023,True
2023-10-01 18:45:00,99.96,27.04,10.02,13.57,33.87,0.0,2341.01,2338.83,-2.18,1.35,2023-10-01 19:00:00,101.4,73.29,78.919,993.605,2402.248,1164.12481896,2328.24963792,0.0,195.596,2347.152,2350.08,2339.6600000000003,98.59,98.59,71.4,18,45,6,10,2023,True
2023-10-01 18:50:00,99.96,27.04,10.02,13.57,33.87,0.0,2346.98,2345.05,-1.93,1.24,2023-10-01 19:00:00,101.4,73.29,78.919,993.605,2402.248,1164.12481896,2328.24963792,0.0,195.206,2342.4719999999998,2355.41,2345.7400000000002,99.96,98.71,71.69,18,50,6,10,2023,True
2023-10-01 18:55:00,101.69,28.79,10.02,14.45,33.02,0.0,2335.57,2333.88,-1.69,1.27,2023-10-01 19:00:00,101.4,73.29,78.919,993.605,2402.248,1164.12481896,2328.24963792,0.0,195.234,2342.808,2336.59,2334.3,99.96,99.96,72.3,18,55,6,10,2023,True
2023-10-01 19:00:00,101.69,28.79,10.02,14.45,33.02,0.0,2336.31,2334.13,-2.18,1.27,2023-10-01 19:00:00,101.4,73.29,78.919,993.605,2402.248,1164.12481896,2328.24963792,0.0,194.605,2335.2599999999998,2322.24,2335.04,101.69,99.96,98.55,19,0,6,10,2023,True
2023-10-01 19:05:00,101.69,28.79,10.02,14.45,33.02,0.0,2310.9,2308.72,-2.18,0.88,2023-10-01 19:30:00,100.1,73.19,71.069,970.992,2400.157,1137.12018118,2274.24036236,0.0,193.917,2327.004,2323.82,2310.02,101.69,98.71,97.64,19,5,6,10,2023,True
2023-10-01 19:10:00,101.69,28.79,10.02,14.45,33.02,0.0,2315.47,2313.29,-2.18,0.88,2023-10-01 19:30:00,100.1,73.19,71.069,970.992,2400.157,1137.12018118,2274.24036236,0.0,193.127,2317.5240000000003,2309.09,2314.5899999999997,101.69,98.59,98.47,19,10,6,10,2023,True
2023-10-01 19:15:00,101.69,28.53,10.02,15.63,34.2,0.0,2301.1,2299.17,-1.93,0.88,2023-10-01 19:30:00,100.1,73.19,71.069,970.992,2400.157,1137.12018118,2274.24036236,0.0,192.37599999999998,2308.5119999999997,2289.71,2300.22,101.69,99.96,98.59,19,15,6,10,2023,True
2023-10-01 19:20:00,99.96,1.0,10.02,0.5,20.8,0.0,2303.82,2301.64,-2.18,0.88,2023-10-01 19:30:00,100.1,73.19,71.069,970.992,2400.157,1137.12018118,2274.24036236,0.0,191.943,2303.3160000000003,2280.88,2302.94,101.69,99.96,98.71,19,20,6,10,2023,True
2023-10-01 19:25:00,101.69,28.59,10.02,14.98,33.55,0.0,2290.66,2288.48,-2.18,0.88,2023-10-01 19:30:00,100.1,73.19,71.069,970.992,2400.157,1137.12018118,2274.24036236,0.0,191.166,2293.992,2293.72,2289.7799999999997,99.96,101.69,99.96,19,25,6,10,2023,True
2023-10-01 19:30:00,101.69,28.59,10.02,14.98,33.55,0.0,2286.48,2284.79,-1.69,0.88,2023-10-01 19:30:00,100.1,73.19,71.069,970.992,2400.157,1137.12018118,2274.24036236,0.0,190.445,2285.34,2282.88,2285.6,101.69,101.69,99.96,19,30,6,10,2023,True
2023-10-01 19:35:00,99.96,1.0,10.02,0.5,20.8,0.0,2265.57,2263.39,-2.18,0.88,2023-10-01 20:00:00,98.44,73.13,59.155,946.882,2395.791,1100.87765048,2201.75530096,0.0,189.667,2276.004,2288.1,2264.69,101.69,101.69,98.71,19,35,6,10,2023,True
2023-10-01 19:40:00,101.69,28.59,10.02,14.98,33.55,0.0,2265.88,2263.7,-2.18,0.88,2023-10-01 20:00:00,98.44,73.13,59.155,946.882,2395.791,1100.87765048,2201.75530096,0.0,188.9,2266.8,2266.82,2265.0,99.96,101.69,98.59,19,40,6,10,2023,True
2023-10-01 19:45:00,98.59,1.0,10.02,0.5,22.17,0.0,2251.17,2248.99,-2.18,0.78,2023-10-01 20:00:00,98.44,73.13,59.155,946.882,2395.791,1100.87765048,2201.75530096,0.0,188.247,2258.964,2238.71,2250.39,101.69,101.69,99.96,19,45,6,10,2023,True
2023-10-01 19:50:00,98.71,1.0,10.02,0.5,22.05,0.0,2244.97,2242.78,-2.19,0.78,2023-10-01 20:00:00,98.44,73.13,59.155,946.882,2395.791,1100.87765048,2201.75530096,0.0,187.091,2245.092,2234.2,2244.1899999999996,98.59,99.96,99.96,19,50,6,10,2023,True
2023-10-01 19:55:00,99.96,26.78,10.02,14.03,34.33,0.0,2228.46,2226.28,-2.18,1.03,2023-10-01 20:00:00,98.44,73.13,59.155,946.882,2395.791,1100.87765048,2201.75530096,0.0,186.043,2232.516,2228.23,2227.43,98.71,101.69,101.69,19,55,6,10,2023,True
2023-10-01 20:00:00,99.96,26.83,10.02,13.9,34.2,0.0,2211.31,2209.13,-2.18,0.91,2023-10-01 20:00:00,98.44,73.13,59.155,946.882,2395.791,1100.87765048,2201.75530096,0.0,184.698,2216.376,2221.64,2210.4,99.96,101.69,101.69,20,0,6,10,2023,True
2023-10-01 20:05:00,98.47,25.91,10.02,12.28,34.07,0.0,2202.7,2200.77,-1.93,0.97,2023-10-01 20:30:00,93.51,65.69,72.005,917.672,2392.201,1070.81298198,2141.62596396,0.0,183.725,2204.7,2200.08,2201.73,99.96,99.96,101.69,20,5,6,10,2023,True
2023-10-01 20:10:00,97.64,25.06,10.02,11.88,34.5,0.0,2192.85,2190.67,-2.18,0.97,2023-10-01 20:30:00,93.51,65.69,72.005,917.672,2392.201,1070.81298198,2141.62596396,0.0,182.851,2194.212,2174.09,2191.88,98.47,101.69,101.69,20,10,6,10,2023,True
2023-10-01 20:15:00,98.47,25.62,10.02,12.58,34.37,0.0,2179.44,2177.02,-2.42,0.97,2023-10-01 20:30:00,93.51,65.69,72.005,917.672,2392.201,1070.81298198,2141.62596396,0.0,181.97899999999998,2183.7479999999996,2166.54,2178.4700000000003,97.64,98.59,101.69,20,15,6,10,2023,True
2023-10-01 20:20:00,98.47,25.62,10.02,12.58,34.37,0.0,2168.5,2166.32,-2.18,0.97,2023-10-01 20:30:00,93.51,65.69,72.005,917.672,2392.201,1070.81298198,2141.62596396,0.0,180.807,2169.6839999999997,2157.37,2167.53,98.47,98.71,99.96,20,20,6,10,2023,True
2023-10-01 20:25:00,97.64,29.07,10.02,0.5,23.12,0.0,2167.81,2165.39,-2.42,0.97,2023-10-01 20:30:00,93.51,65.69,72.005,917.672,2392.201,1070.81298198,2141.62596396,0.0,180.045,2160.54,2144.19,2166.84,98.47,99.96,101.69,20,25,6,10,2023,True
2023-10-01 20:30:00,98.47,25.5,10.02,0.0,11.16,0.0,2153.91,2150.89,-3.02,1.19,2023-10-01 20:30:00,93.51,65.69,72.005,917.672,2392.201,1070.81298198,2141.62596396,0.0,179.696,2156.352,2131.98,2152.72,97.64,99.96,101.69,20,30,6,10,2023,True
2023-10-01 20:35:00,97.64,0.23,10.02,0.0,11.16,0.0,2136.79,2134.76,-2.03,1.02,2023-10-01 21:00:00,81.83,72.81,59.769,874.281,2389.678,1034.52096198,2069.04192396,0.0,178.643,2143.716,2127.54,2135.77,98.47,98.47,99.96,20,35,6,10,2023,True
2023-10-01 20:40:00,97.64,24.66,10.02,0.0,11.16,0.0,2128.56,2126.08,-2.48,1.19,2023-10-01 21:00:00,81.83,72.81,59.769,874.281,2389.678,1034.52096198,2069.04192396,0.0,177.338,2128.056,2117.1,2127.37,97.64,97.64,101.69,20,40,6,10,2023,True
2023-10-01 20:45:00,97.64,24.46,10.02,0.0,11.16,0.0,2123.58,2121.4,-2.18,1.67,2023-10-01 21:00:00,81.83,72.81,59.769,874.281,2389.678,1034.52096198,2069.04192396,0.0,176.781,2121.3720000000003,2099.84,2121.91,97.64,98.47,98.59,20,45,6,10,2023,True
2023-10-01 20:50:00,96.41,23.15,10.02,0.0,11.16,0.0,2108.97,2106.79,-2.18,1.52,2023-10-01 21:00:00,81.83,72.81,59.769,874.281,2389.678,1034.52096198,2069.04192396,0.0,175.789,2109.468,2085.75,2107.45,97.64,98.47,98.71,20,50,6,10,2023,True
2023-10-01 20:55:00,73.27,0.21,10.02,0.0,11.16,0.0,2099.04,2096.86,-2.18,1.08,2023-10-01 21:00:00,81.83,72.81,59.769,874.281,2389.678,1034.52096198,2069.04192396,0.0,175.243,2102.916,2081.37,2097.96,96.41,97.64,99.96,20,55,6,10,2023,True
2023-10-01 21:00:00,98.76,30.19,10.02,0.0,11.16,0.0,2097.2,2095.02,-2.18,1.31,2023-10-01 21:00:00,81.83,72.81,59.769,874.281,2389.678,1034.52096198,2069.04192396,0.0,174.702,2096.424,2084.55,2095.89,73.27,98.47,99.96,21,0,6,10,2023,True
2023-10-01 21:05:00,73.48,0.2,10.02,0.0,11.16,0.0,2087.04,2085.11,-1.93,1.65,2023-10-01 21:30:00,99.01,68.43,66.149,835.145,2363.091,982.1593222,1964.3186444,0.0,173.725,2084.7,2081.59,2085.39,98.76,97.64,98.47,21,5,6,10,2023,True
2023-10-01 21:10:00,73.49,0.22,10.02,0.0,11.16,0.0,2053.25,2051.07,-2.18,1.13,2023-10-01 21:30:00,99.01,68.43,66.149,835.145,2363.091,982.1593222,1964.3186444,0.0,171.692,2060.304,2062.2599999999998,2052.12,73.48,97.64,97.64,21,10,6,10,2023,True
2023-10-01 21:15:00,73.5,0.23,10.02,0.0,11.16,0.0,2039.62,2037.44,-2.18,1.13,2023-10-01 21:30:00,99.01,68.43,66.149,835.145,2363.091,982.1593222,1964.3186444,0.0,170.581,2046.9719999999998,2039.27,2038.4899999999998,73.49,97.64,98.47,21,15,6,10,2023,True
2023-10-01 21:20:00,73.28,130.05,10.02,0.0,11.16,0.0,2027.76,2025.83,-1.93,1.18,2023-10-01 21:30:00,99.01,68.43,66.149,835.145,2363.091,982.1593222,1964.3186444,0.0,169.326,2031.9119999999998,2020.46,2026.58,73.5,96.41,98.47,21,20,6,10,2023,True
2023-10-01 21:25:00,98.47,180.43,10.02,0.0,11.16,0.0,2021.3,2019.37,-1.93,1.14,2023-10-01 21:30:00,99.01,68.43,66.149,835.145,2363.091,982.1593222,1964.3186444,0.0,168.7,2024.3999999999999,2005.3,2020.1599999999999,73.28,73.27,97.64,21,25,6,10,2023,True
2023-10-01 21:30:00,99.96,183.41,10.02,0.0,11.16,0.0,1984.13,1982.01,-2.12,1.22,2023-10-01 21:30:00,99.01,68.43,66.149,835.145,2363.091,982.1593222,1964.3186444,0.0,166.039,1992.4679999999998,1991.24,1982.91,98.47,98.76,98.47,21,30,6,10,2023,True
2023-10-01 21:35:00,99.96,26.92,10.02,0.0,11.16,0.0,1969.61,1966.85,-2.76,1.27,2023-10-01 22:00:00,81.34,65.27,76.88,802.445,2338.088,937.01080479,1874.02160958,0.0,164.694,1976.328,1961.94,1968.34,99.96,73.48,97.64,21,35,6,10,2023,True
2023-10-01 21:40:00,98.71,25.66,10.02,0.0,11.16,0.0,1940.41,1936.69,-3.72,1.43,2023-10-01 22:00:00,81.34,65.27,76.88,802.445,2338.088,937.01080479,1874.02160958,0.0,162.75,1953.0,1950.45,1938.98,99.96,73.49,97.64,21,40,6,10,2023,True
2023-10-01 21:45:00,98.47,184.12,10.02,0.0,11.16,0.0,1935.35,1931.63,-3.72,1.56,2023-10-01 22:00:00,81.34,65.27,76.88,802.445,2338.088,937.01080479,1874.02160958,0.0,161.543,1938.516,1915.89,1933.79,98.71,73.5,97.64,21,45,6,10,2023,True
2023-10-01 21:50:00,98.47,184.12,10.02,0.0,11.16,0.0,1926.06,1922.34,-3.72,1.25,2023-10-01 22:00:00,81.34,65.27,76.88,802.445,2338.088,937.01080479,1874.02160958,0.0,160.276,1923.3120000000001,1907.79,1924.81,98.47,73.28,96.41,21,50,6,10,2023,True
2023-10-01 21:55:00,98.47,184.12,10.02,0.0,11.16,0.0,1905.19,1901.13,-4.06,1.08,2023-10-01 22:00:00,81.34,65.27,76.88,802.445,2338.088,937.01080479,1874.02160958,0.0,159.596,1915.152,1897.33,1904.1100000000001,98.47,98.47,73.27,21,55,6,10,2023,True
2023-10-01 22:00:00,98.47,184.12,10.02,0.0,11.16,0.0,1882.32,1878.85,-3.47,0.98,2023-10-01 22:00:00,81.34,65.27,76.88,802.445,2338.088,937.01080479,1874.02160958,0.0,157.24,1886.88,1892.1100000000001,1881.34,98.47,99.96,98.76,22,0,6,10,2023,True
2023-10-01 22:05:00,96.41,180.0,10.02,0.0,11.16,0.0,1872.05,1868.33,-3.72,0.98,2023-10-01 22:30:00,71.92,65.27,116.736,763.546,2338.865,901.58905971,1803.17811942,0.0,156.255,1875.06,1862.72,1871.07,98.47,99.96,73.48,22,5,6,10,2023,True
2023-10-01 22:10:00,73.28,133.74,10.02,0.0,11.16,0.0,1866.47,1862.51,-3.96,0.98,2023-10-01 22:30:00,71.92,65.27,116.736,763.546,2338.865,901.58905971,1803.17811942,0.0,155.546,1866.552,1857.3,1865.49,96.41,98.71,73.49,22,10,6,10,2023,True
2023-10-01 22:15:00,73.28,133.74,10.02,0.0,11.16,0.0,1857.97,1854.5,-3.47,0.85,2023-10-01 22:30:00,71.92,65.27,116.736,763.546,2338.865,901.58905971,1803.17811942,0.0,154.511,1854.132,1855.96,1857.1200000000001,73.28,98.47,73.5,22,15,6,10,2023,True
2023-10-01 22:20:00,73.27,133.72,10.02,0.0,11.16,0.0,1836.08,1832.61,-3.47,0.43,2023-10-01 22:30:00,71.92,65.27,116.736,763.546,2338.865,901.58905971,1803.17811942,0.0,153.29,1839.48,1832.07,1835.6499999999999,73.28,98.47,73.28,22,20,6,10,2023,True
2023-10-01 22:25:00,73.32,133.82,10.02,0.0,11.16,0.0,1841.0,1837.04,-3.96,0.48,2023-10-01 22:30:00,71.92,65.27,116.736,763.546,2338.865,901.58905971,1803.17811942,0.0,152.665,1831.98,1819.3899999999999,1840.52,73.27,98.47,98.47,22,25,6,10,2023,True
2023-10-01 22:30:00,73.32,125.38,10.02,0.0,11.16,0.0,1801.11,1797.39,-3.72,0.97,2023-10-01 22:30:00,71.92,65.27,116.736,763.546,2338.865,901.58905971,1803.17811942,0.0,151.052,1812.6239999999998,1809.65,1800.1399999999999,73.32,98.47,99.96,22,30,6,10,2023,True
2023-10-01 22:35:00,73.31,146.61,10.02,0.0,11.16,0.0,1789.09,1785.37,-3.72,0.41,2023-10-01 23:00:00,30.43,68.43,61.499,729.449,2339.632,878.14186117,1756.28372234,0.0,149.145,1789.7400000000002,1800.91,1788.6799999999998,73.32,96.41,99.96,22,35,6,10,2023,True
2023-10-01 22:40:00,71.4,142.79,10.02,0.0,11.16,0.0,1793.57,1789.85,-3.72,0.6,2023-10-01 23:00:00,30.43,68.43,61.499,729.449,2339.632,878.14186117,1756.28372234,0.0,148.327,1779.924,1769.76,1792.97,73.31,73.28,98.71,22,40,6,10,2023,True
2023-10-01 22:45:00,71.4,123.46,10.02,0.0,11.16,0.0,1790.63,1786.91,-3.72,0.48,2023-10-01 23:00:00,30.43,68.43,61.499,729.449,2339.632,878.14186117,1756.28372234,0.0,149.086,1789.0320000000002,1760.81,1790.15,71.4,73.28,98.47,22,45,6,10,2023,True
2023-10-01 22:50:00,71.06,123.12,10.02,0.0,11.16,0.0,1789.36,1785.29,-4.07,0.37,2023-10-01 23:00:00,30.43,68.43,61.499,729.449,2339.632,878.14186117,1756.28372234,0.0,148.505,1782.06,1755.12,1788.99,71.4,73.27,98.47,22,50,6,10,2023,True
2023-10-01 22:55:00,71.06,123.12,10.02,0.0,11.16,0.0,1770.43,1765.95,-4.48,1.0,2023-10-01 23:00:00,30.43,68.43,61.499,729.449,2339.632,878.14186117,1756.28372234,0.0,147.619,1771.4279999999999,1754.62,1769.43,71.06,73.32,98.47,22,55,6,10,2023,True
2023-10-01 23:00:00,71.4,123.46,10.92,0.0,20.03,0.0,1764.4,1760.17,-4.23,0.62,2023-10-01 23:00:00,30.43,68.43,61.499,729.449,2339.632,878.14186117,1756.28372234,0.0,146.895,1762.7400000000002,1753.3,1763.7800000000002,71.06,73.32,98.47,23,0,6,10,2023,True
2023-10-01 23:05:00,71.06,123.12,11.26,0.0,20.37,0.0,1748.86,1743.78,-5.08,0.62,2023-10-01 23:30:00,71.23,65.27,82.386,703.201,2341.75,856.30925098,1712.61850196,0.0,146.201,1754.4119999999998,1743.19,1748.24,71.4,73.31,96.41,23,5,6,10,2023,True
2023-10-01 23:10:00,71.06,123.12,11.26,0.0,20.37,0.0,1735.83,1731.5,-4.33,1.02,2023-10-01 23:30:00,71.23,65.27,82.386,703.201,2341.75,856.30925098,1712.61850196,0.0,145.139,1741.6680000000001,1729.24,1734.81,71.06,71.4,73.28,23,10,6,10,2023,True
2023-10-01 23:15:00,-10.32,41.74,92.64,0.0,101.75,0.0,1734.42,1730.19,-4.23,0.38,2023-10-01 23:30:00,71.23,65.27,82.386,703.201,2341.75,856.30925098,1712.61850196,0.0,144.718,1736.616,1714.7,1734.04,71.06,71.4,73.28,23,15,6,10,2023,True
2023-10-01 23:20:00,-10.32,41.74,92.64,0.0,101.75,0.0,1723.97,1719.74,-4.23,0.62,2023-10-01 23:30:00,71.23,65.27,82.386,703.201,2341.75,856.30925098,1712.61850196,0.0,143.717,1724.6040000000003,1707.59,1723.3500000000001,-10.32,71.06,73.27,23,20,6,10,2023,True
2023-10-01 23:25:00,-10.32,41.74,92.64,0.0,101.75,0.0,1722.37,1717.65,-4.72,0.76,2023-10-01 23:30:00,71.23,65.27,82.386,703.201,2341.75,856.30925098,1712.61850196,0.0,143.162,1717.944,1720.0,1721.61,-10.32,71.06,73.32,23,25,6,10,2023,True
2023-10-01 23:30:00,71.06,123.12,11.26,0.0,20.37,0.0,1715.84,1711.85,-3.99,0.58,2023-10-01 23:30:00,71.23,65.27,82.386,703.201,2341.75,856.30925098,1712.61850196,0.0,142.335,1708.02,1712.85,1715.26,-10.32,71.4,73.32,23,30,6,10,2023,True
2023-10-01 23:35:00,71.06,123.12,48.26,0.0,20.37,0.0,1709.19,1704.96,-4.23,0.9,2023-10-02 00:00:00,71.29,65.27,99.883,685.431,2343.247,839.65763855,1679.3152771,0.0,142.296,1707.552,1707.37,1708.29,71.06,71.06,73.31,23,35,6,10,2023,True
2023-10-01 23:40:00,71.06,123.12,48.26,0.0,20.37,0.0,1704.12,1699.89,-4.23,0.58,2023-10-02 00:00:00,71.29,65.27,99.883,685.431,2343.247,839.65763855,1679.3152771,0.0,141.682,1700.1839999999997,1697.69,1703.54,71.06,71.06,71.4,23,40,6,10,2023,True
2023-10-01 23:45:00,71.4,123.46,47.93,0.0,11.16,0.0,1690.35,1685.87,-4.48,0.42,2023-10-02 00:00:00,71.29,65.27,99.883,685.431,2343.247,839.65763855,1679.3152771,0.0,141.374,1696.4879999999998,1695.41,1689.9299999999998,71.06,-10.32,71.4,23,45,6,10,2023,True
2023-10-01 23:50:00,71.4,123.46,47.93,0.0,11.16,0.0,1696.71,1692.59,-4.12,0.77,2023-10-02 00:00:00,71.29,65.27,99.883,685.431,2343.247,839.65763855,1679.3152771,0.0,140.78199999999998,1689.3839999999998,1687.69,1695.94,71.4,-10.32,71.06,23,50,6,10,2023,True
2023-10-01 23:55:00,71.4,123.46,48.42,0.5,11.16,0.0,1684.62,1680.99,-3.63,0.71,2023-10-02 00:00:00,71.29,65.27,99.883,685.431,2343.247,839.65763855,1679.3152771,0.0,140.415,1684.98,1674.88,1683.9099999999999,71.4,-10.32,71.06,23,55,6,10,2023,True
2023-10-02 00:00:00,71.4,123.46,48.42,0.5,11.16,0.0,1694.19,1689.58,-4.61,0.36,2023-10-02 00:00:00,71.29,65.27,99.883,685.431,2343.247,839.65763855,1679.3152771,0.0,140.478,1685.736,1664.46,1693.8300000000002,71.4,71.06,71.4,0,0,0,10,2023,False
2023-10-02 00:05:00,71.4,123.46,48.42,0.5,11.16,0.0,1675.91,1671.3,-4.61,0.49,2023-10-02 00:30:00,55.12,65.27,111.342,672.023,2346.396,827.97215087,1655.94430174,0.0,140.028,1680.3359999999998,1662.01,1675.42,71.4,71.06,71.06,0,5,0,10,2023,False
2023-10-02 00:10:00,71.06,123.12,48.75,0.5,49.7,0.0,1667.88,1662.43,-5.45,0.89,2023-10-02 00:30:00,55.12,65.27,111.342,672.023,2346.396,827.97215087,1655.94430174,0.0,139.06,1668.72,1678.73,1666.99,71.4,71.06,71.06,0,10,0,10,2023,False
2023-10-02 00:15:00,71.06,123.12,48.75,0.5,49.7,0.0,1675.76,1670.35,-5.41,0.52,2023-10-02 00:30:00,55.12,65.27,111.342,672.023,2346.396,827.97215087,1655.94430174,0.0,138.778,1665.3359999999998,1670.59,1675.24,71.06,71.4,-10.32,0,15,0,10,2023,False
2023-10-02 00:20:00,71.4,123.46,48.42,0.5,11.16,0.0,1654.99,1649.54,-5.45,0.41,2023-10-02 00:30:00,55.12,65.27,111.342,672.023,2346.396,827.97215087,1655.94430174,0.0,138.353,1660.236,1658.34,1654.58,71.06,71.4,-10.32,0,20,0,10,2023,False
2023-10-02 00:25:00,71.4,123.46,48.42,0.5,11.16,0.0,1662.25,1657.04,-5.21,0.82,2023-10-02 00:30:00,55.12,65.27,111.342,672.023,2346.396,827.97215087,1655.94430174,0.0,137.962,1655.5439999999999,1654.07,1661.43,71.4,71.4,-10.32,0,25,0,10,2023,False
2023-10-02 00:30:00,71.06,123.12,48.75,0.5,11.16,0.0,1654.1,1648.65,-5.45,0.5,2023-10-02 00:30:00,55.12,65.27,111.342,672.023,2346.396,827.97215087,1655.94430174,0.0,137.22199999999998,1646.6639999999998,1635.1100000000001,1653.6,71.4,71.4,71.06,0,30,0,10,2023,False
2023-10-02 00:35:00,71.06,123.12,10.02,0.0,11.16,0.0,1647.62,1642.17,-5.45,0.43,2023-10-02 01:00:00,3.24,65.27,103.073,662.503,2347.856,813.08992148,1626.17984296,0.0,137.348,1648.1760000000002,1638.78,1647.1899999999998,71.06,71.4,71.06,0,35,0,10,2023,False
