month,n,coverage,mean_width,median_width,pinball_lower,pinball_upper,crps,base,method,nominal
2026-04,8640,0.8975694444444444,15.077738470043633,15.056115516427504,0.8220708619299953,0.9311615490419912,2.8216843991492735,lightgbm,absolute,0.9
2026-05,8928,0.8923611111111112,26.016205233056862,24.80195245206474,1.2856064725953238,1.4354095689458921,4.632460785057683,lightgbm,absolute,0.9
2026-06,8640,0.9016203703703703,22.852197622157547,20.627017242028955,1.354935088832483,1.8077111685640328,4.60092783576757,lightgbm,absolute,0.9
2026-07,8927,0.902766886972107,21.034762735214336,21.014112903569668,1.1983280011707242,1.6766833870440332,4.242302468412843,lightgbm,absolute,0.9
2026-08,4992,0.8920272435897436,18.163146429078765,18.04296038812535,1.0501579516538384,1.3616930355754542,3.6962156226004983,lightgbm,absolute,0.9
2026-04,8640,0.9008101851851852,16.49130787037037,16.310000000000002,0.9342411458333333,0.9555036458333337,2.9562788853787936,persistence_5min,absolute,0.9
2026-05,8928,0.8912410394265233,28.50903225806452,27.51000000000002,1.5389696460573477,1.4805556675627245,4.983632597693208,persistence_5min,absolute,0.9
2026-06,8640,0.9028935185185185,22.439969907407406,21.02000000000001,1.6273864583333335,1.5980414351851857,4.5386208609161685,persistence_5min,absolute,0.9
2026-07,8927,0.8991822560770696,21.111036182368093,20.74999999999997,1.4948675926963144,1.504470482804974,4.262324185250939,persistence_5min,absolute,0.9
2026-08,4992,0.8918269230769231,19.38101362179487,20.160000000000025,1.3881896033653847,1.3856046674679492,4.05971890287051,persistence_5min,absolute,0.9
