base,method,window,window_steps,min_history,n_selection,coverage_90,coverage_95,mean_width_90,eligible,selected
lightgbm,absolute,2d,576,8928,43469,0.9018380915134924,0.9501483816052819,23.36766254308684,True,False
lightgbm,absolute,7d,2016,8928,43469,0.9017000621132302,0.9527019255101337,22.903554362952068,True,True
lightgbm,absolute,14d,4032,8928,43469,0.9047827187190872,0.9533460627113575,23.28050796411479,True,False
lightgbm,absolute,30d,8640,8928,43469,0.9083484782258621,0.9564287193172145,24.37913205338216,True,False
lightgbm,normalized,2d,576,8928,43469,0.9001817387103453,0.9486990729025282,25.110734296454048,True,False
lightgbm,normalized,7d,2016,8928,43469,0.9004117877107825,0.9506774943062872,24.245893844529625,True,True
lightgbm,normalized,14d,4032,8928,43469,0.9014930180128368,0.9515056707078607,24.484066060127518,True,False
lightgbm,normalized,30d,8640,8928,43469,0.9028503071154156,0.95267892061009,24.775318281935228,True,False
persistence_5min,absolute,2d,576,8928,43469,0.902183165014148,0.9507465090064183,25.897078147645452,True,False
persistence_5min,absolute,7d,2016,8928,43469,0.902183165014148,0.9523798569095218,25.560009892107022,True,True
persistence_5min,absolute,14d,4032,8928,43469,0.9045756746186938,0.9534840921116198,26.001749062550324,True,False
persistence_5min,absolute,30d,8640,8928,43469,0.9077043410246383,0.9565897536175205,27.329942947847893,True,False
persistence_5min,normalized,2d,576,8928,43469,0.9002967632105638,0.9497803032045826,27.669077236317868,True,False
persistence_5min,normalized,7d,2016,8928,43469,0.8995145966090777,0.9500793669051508,26.978090814922957,True,True
persistence_5min,normalized,14d,4032,8928,43469,0.9002737583105201,0.9505854747061124,27.173249740069963,True,False
persistence_5min,normalized,30d,8640,8928,43469,0.9010329200119626,0.9518737491085602,27.48728050723661,True,False
