model,regime,n,crps,coverage_90,width_90,interval_score_90,mae,split
persistence,all,50381,4.794160157349622,0.9020861038883706,28.066877195768246,61.178812250650054,5.562253031896945,calibration
persistence,body,49890,4.223695168891118,0.9064141110442975,28.062471437161754,50.44275205451995,4.973865504109041,calibration
persistence,tail,491,62.7585150946098,0.4623217922606925,28.514541751527492,1152.0587372708758,65.34769857433808,calibration
persistence,onset,125,102.97218924916147,0.016,33.48816000000001,1863.75216,108.25775999999998,calibration
persistence,fresh_onset,84,105.05689826393693,0.023809523809523808,33.337380952380954,1906.2802380952376,110.26702380952383,calibration
lightgbm_conformal,all,50381,4.381176108738725,0.9019273138683234,24.837863141383195,53.59513229184855,5.267662711508371,calibration
lightgbm_conformal,body,49890,3.8124947552115263,0.9070154339547003,24.83208069042313,42.966637761299424,4.676415344879814,calibration
lightgbm_conformal,tail,491,62.16429775328444,0.384928716904277,25.425411977223796,1133.5454217604747,65.34369350804347,calibration
lightgbm_conformal,onset,125,99.48179921731011,0.008,29.452043904725898,1812.5930678363584,104.99810427700669,calibration
lightgbm_conformal,fresh_onset,84,101.69580640707889,0.011904761904761904,29.23242025760043,1858.6286704931906,107.0836058665079,calibration
regime_switch,all,50381,4.549955421980821,0.9021853476509002,25.333316507093596,57.16985617442122,5.422097159610483,calibration
regime_switch,body,49890,3.9811040520156813,0.9066345961114451,25.32939753676762,46.417264949917154,4.83571617473292,calibration
regime_switch,tail,491,62.35035226019025,0.45010183299389,25.731519011295696,1149.7294818170017,65.00365996112086,calibration
regime_switch,onset,125,100.39248149544024,0.016,30.03126283941483,1832.2148973648539,105.75725472969958,calibration
regime_switch,fresh_onset,84,102.173030455976,0.023809523809523808,29.836051293376915,1868.6124248176857,107.43767473911542,calibration
spike_forecaster,all,50381,4.507571934856443,0.9046664417141382,26.541026951941912,55.0399031372614,5.422097159610483,calibration
spike_forecaster,body,49890,4.006003724994062,0.9077370214471838,26.137601935308616,46.98895198926956,4.83571617473292,calibration
spike_forecaster,tail,491,55.471396761809984,0.5926680244399185,67.53262385588265,873.0886867896295,65.00365996112086,calibration
spike_forecaster,onset,125,73.37194429780254,0.576,194.76763795194384,744.0964095287706,105.75725472969958,calibration
spike_forecaster,fresh_onset,84,73.3302873720012,0.5476190476190477,187.13787576421385,768.4316650087296,107.43767473911542,calibration
cps_split,all,50381,4.736741146008793,0.8668545681903892,25.517217840703648,68.71337603513398,5.422097159610483,calibration
cps_split,body,49890,4.1651840302156025,0.8709961916215675,25.526920735078164,57.78896915091181,4.83571617473292,calibration
cps_split,tail,491,62.81206600735758,0.4460285132382892,24.531316821671428,1178.7310123973414,65.00365996112086,calibration
cps_split,onset,125,101.83557193286404,0.04,21.537373956266528,1916.1226318870583,105.75725472969958,calibration
cps_split,fresh_onset,84,103.49687792002496,0.03571428571428571,21.565798930102744,1947.5468640729382,107.43767473911542,calibration
cps_mondrian,all,50381,4.658559899598505,0.8679859470832259,27.176000379861485,62.15782572720885,5.422097159610483,calibration
cps_mondrian,body,49890,4.111127726277288,0.8690519142112648,25.33871945669396,54.03093009039305,4.83571617473292,calibration
cps_mondrian,tail,491,60.28257441486438,0.7596741344195519,213.86020660557995,887.9232500057041,65.00365996112086,calibration
cps_mondrian,onset,125,90.99856906921802,0.36,91.36624866964698,1306.466438192868,105.75725472969958,calibration
cps_mondrian,fresh_onset,84,92.91950642378947,0.39285714285714285,90.1948722022633,1355.8251481892814,107.43767473911542,calibration
cps_pit,all,50381,4.506279969606562,0.9007165399654632,25.849766026941474,54.94066630402959,5.422097159610483,calibration
cps_pit,body,49890,4.003685654479991,0.9038083784325516,25.463393163806977,46.86230619006334,4.83571617473292,calibration
cps_pit,tail,491,55.574366286642565,0.5865580448065173,65.10871132588318,875.7744465194602,65.00365996112086,calibration
cps_pit,onset,125,73.68839929614337,0.56,187.06771832247816,748.8440085137145,105.75725472969958,calibration
cps_pit,fresh_onset,84,73.64138579636035,0.5357142857142857,177.4027036559934,769.7717663556416,107.43767473911542,calibration
cps_pit_mondrian,all,50381,4.428865782545848,0.8994065223000735,29.898789560638306,51.19239480073526,5.422097159610483,calibration
cps_pit_mondrian,body,49890,3.908322575278078,0.9004008819402686,26.097136345928767,43.22701879346297,4.83571617473292,calibration
cps_pit_mondrian,tail,491,57.32072038659679,0.7983706720977597,416.1808239432433,860.5459772911922,65.00365996112086,calibration
cps_pit_mondrian,onset,125,76.19598521368609,0.528,203.12830808721648,775.2274147056647,105.75725472969958,calibration
cps_pit_mondrian,fresh_onset,84,76.69703999446476,0.5238095238095238,198.2061896648234,787.8327438158873,107.43767473911542,calibration
cps_mondrian_sliding,all,50381,4.440372391773,0.9016295825807348,27.49078202135687,50.53611168223029,5.422097159610483,calibration
cps_mondrian_sliding,body,49890,3.8958759927119964,0.9024052916416115,25.480654326722874,43.37849793148524,4.83571617473292,calibration
cps_mondrian_sliding,tail,491,59.76608593383713,0.8228105906313645,231.73776916044073,777.8138103068127,65.00365996112086,calibration
cps_mondrian_sliding,onset,125,82.14015957010572,0.672,137.14132943644142,814.2293626765963,105.75725472969958,calibration
cps_mondrian_sliding,fresh_onset,84,84.66380326618794,0.6547619047619048,136.4147445890465,896.6987433190642,107.43767473911542,calibration
persistence,all,40127,4.175883828969476,0.8976499613726419,21.833257407730457,55.71076133276846,4.744947790764324,test
persistence,body,36921,3.2561348694934953,0.9115137726497116,21.579296335418867,39.49273313290539,3.767365455973566,test
persistence,tail,3206,14.767914812379544,0.7379912663755459,24.757928883343734,242.48113537117905,16.003000623830317,test
persistence,onset,403,42.497692093508874,0.3076923076923077,25.956674937965253,728.3904218362284,45.83096774193549,test
persistence,fresh_onset,233,49.6877945115417,0.2317596566523605,23.433347639484975,877.3475107296138,52.99038626609442,test
lightgbm_conformal,all,40127,4.0325098343314885,0.8977496448775139,20.894536897066054,52.070481074800306,4.752878534337209,test
lightgbm_conformal,body,36921,2.983674116638729,0.9167682348798787,20.570950719573467,34.420300898853014,3.598754727301236,test
lightgbm_conformal,tail,3206,16.111132271304157,0.678727386150967,24.62102637280024,255.3338317535744,18.044021728215917,test
lightgbm_conformal,onset,403,41.29356941869144,0.315136476426799,25.053904938624672,698.3807701882758,45.28539440202744,test
lightgbm_conformal,fresh_onset,233,48.21531447506088,0.22317596566523606,22.791088874183114,838.5583871852928,52.21238603692937,test
regime_switch,all,40127,3.9752049213609033,0.8975502778677699,20.19589551174883,51.95172096191632,4.650269634459085,test
regime_switch,body,36921,3.0438777278223346,0.9130576094905338,19.93860340905654,35.62696585205896,3.6532841443315864,test
regime_switch,tail,3206,14.700573390680157,0.7189644416718652,23.15892786468149,239.95118553179896,16.13177346508833,test
regime_switch,onset,403,41.56639238671552,0.29280397022332505,24.13496989099285,714.2417929635826,45.22455326988545,test
regime_switch,fresh_onset,233,48.5025085373015,0.21030042918454936,21.778756876727176,857.7637702629388,52.12296278849878,test
spike_forecaster,all,40127,3.9147558382812937,0.9082662546415132,24.42620295606553,49.622564210244995,4.650269634459085,test
spike_forecaster,body,36921,3.1144593105399627,0.9189891931421142,23.249914790502586,37.92106398273575,3.6532841443315864,test
spike_forecaster,tail,3206,13.13114638748206,0.7847785402370555,37.97259576977402,184.37961034245612,16.13177346508833,test
spike_forecaster,onset,403,29.08107483770039,0.826302729528536,143.00025625047073,270.99125089371813,45.22455326988545,test
spike_forecaster,fresh_onset,233,33.8909598983941,0.8068669527896996,154.70103757768842,290.0905029739206,52.12296278849878,test
cps_split,all,40127,4.005564563667262,0.9256610262416827,23.814589374558793,53.44381008223032,4.650269634459085,test
cps_split,body,36921,3.0783618440698306,0.9431218006012838,23.814589374558793,37.47603282196382,3.6532841443315864,test
cps_split,tail,3206,14.683434685394262,0.7245789145352464,23.81458937455879,237.3322393480755,16.13177346508833,test
cps_split,onset,403,41.58358920016654,0.3027295285359802,23.81458937455879,708.0414081934116,45.22455326988545,test
cps_split,fresh_onset,233,48.295770591517424,0.22746781115879827,23.81458937455879,837.8380244866003,52.12296278849878,test
cps_mondrian,all,40127,4.3877511892684495,0.9599770727938794,52.19537861494898,60.89058069954272,4.650269634459085,test
cps_mondrian,body,36921,3.0743008132990934,0.9594539692857723,35.30388490360636,40.38695284074547,3.6532841443315864,test
cps_mondrian,tail,3206,19.51373413722995,0.9660012476606363,246.72152936868605,297.01486147766275,16.13177346508833,test
cps_mondrian,onset,403,34.62665383614743,0.8933002481389578,145.6711492704902,312.8190489983983,45.22455326988545,test
cps_mondrian,fresh_onset,233,39.88438762001352,0.871244635193133,144.25689389855208,330.89968269467295,52.12296278849878,test
cps_pit,all,40127,3.9091692299562175,0.904627806713684,23.53138654438951,49.25535667839716,4.650269634459085,test
cps_pit,body,36921,3.1062609830585903,0.9155765011781912,22.430633097504547,37.41293905005427,3.6532841443315864,test
cps_pit,tail,3206,13.155636910463798,0.7785402370555209,36.207904951264005,185.63523854241714,16.13177346508833,test
cps_pit,onset,403,29.153753224313338,0.8114143920595533,133.412253279728,275.06877814133986,45.22455326988545,test
cps_pit,fresh_onset,233,33.99639151959573,0.7939914163090128,145.4686307418036,297.79872615614977,52.12296278849878,test
cps_pit_mondrian,all,40127,4.452007515417271,0.9311685398858623,55.58228233358445,65.65458144664305,4.650269634459085,test
cps_pit_mondrian,body,36921,3.0112431741579186,0.9282792990439046,29.255935579318646,36.472798394781336,3.6532841443315864,test
cps_pit_mondrian,tail,3206,21.044166044312014,0.9644416718652526,358.7622725127012,401.71840304919664,16.13177346508833,test
cps_pit_mondrian,onset,403,29.963245376868425,0.8411910669975186,153.30461281938958,275.49776312339355,45.22455326988545,test
cps_pit_mondrian,fresh_onset,233,34.63786369091714,0.8240343347639485,164.31822716849143,292.8656265603135,52.12296278849878,test
cps_mondrian_sliding,all,40127,3.8853897584853043,0.9001918907468787,25.417055609907553,46.39881499500928,4.650269634459085,test
cps_mondrian_sliding,body,36921,2.9815110194853838,0.9010048481893773,20.089185009689594,32.34649321828237,3.6532841443315864,test
cps_mondrian_sliding,tail,3206,14.294655797978775,0.8908296943231441,86.77398337991606,208.22843830085276,16.13177346508833,test
cps_mondrian_sliding,onset,403,37.77865569743233,0.6228287841191067,54.86461333063742,481.90155762247423,45.22455326988545,test
cps_mondrian_sliding,fresh_onset,233,43.96679753088566,0.5450643776824035,55.977059014300146,549.8323768842553,52.12296278849878,test
