model,split,crps,tail_crps,onset_crps,coverage_90,width_90,tail_coverage_90,tail_width_90,onset_coverage_90,onset_width_90,interval_score_90,onset_interval_score_90,mae,source,label
persistence,calibration,4.794160157349622,62.7585150946098,102.97218924916147,0.9020861038883706,28.06687719576825,0.4623217922606925,28.51454175152749,0.016,33.48816000000001,61.17881225065005,1863.75216,5.562253031896945,scripts/spike_cps.py (same rows and metric code),Persistence + sliding residual window
lightgbm_conformal,calibration,4.381176108738725,62.16429775328444,99.48179921731013,0.9019273138683234,24.837863141383195,0.384928716904277,25.4254119772238,0.008,29.452043904725898,53.59513229184855,1812.5930678363584,5.267662711508371,scripts/spike_cps.py (same rows and metric code),LightGBM + absolute sliding conformal (frozen)
regime_switch,calibration,4.549955421980821,62.35035226019025,100.39248149544024,0.9021853476509002,25.3333165070936,0.45010183299389,25.731519011295696,0.016,30.03126283941483,57.16985617442122,1832.2148973648536,5.422097159610483,scripts/spike_cps.py (same rows and metric code),Regime switch + sliding residual window
hurdle_panel,calibration,4.5105159943137645,55.97279073307641,75.34141981693705,,,,,,,,,5.436773415863631,spike_stage1_results.csv (same rows and CRPS code; intervals not stored),"Hurdle, panel only (LightGBM)"
hurdle_weather,calibration,4.512858226408499,56.42105473328497,77.10220080975628,,,,,,,,,5.44819280391073,spike_stage1_results.csv (same rows and CRPS code; intervals not stored),Hurdle + weather
hurdle_weather_predispatch,calibration,4.507520294172653,56.27374924061221,76.5235848345377,,,,,,,,,5.455310317651597,spike_stage1_results.csv (same rows and CRPS code; intervals not stored),Hurdle + weather + pre-dispatch (even-hour)
hurdle_weather_predispatch_all,calibration,4.509055106510569,56.16949111809985,76.11405892930911,,,,,,,,,5.462750034222768,spike_stage1_results.csv (same rows and CRPS code; intervals not stored),"Hurdle + weather + pre-dispatch (hourly, revisions)"
hurdle_weather_predispatch_half,calibration,4.5079537060993164,56.317640467820524,76.6959895750119,,,,,,,,,5.459114419044672,spike_stage1_results.csv (same rows and CRPS code; intervals not stored),"Hurdle + weather + pre-dispatch (half-hourly, revisions)"
hurdle_panel_path,calibration,4.507226622683073,55.90835477253097,75.08831536391459,,,,,,,,,5.4453939074989295,spike_stage1_results.csv (same rows and CRPS code; intervals not stored),"Hurdle, panel + price path (LightGBM)"
hurdle_panel_path_xgboost,calibration,4.507798806786158,55.67157711802113,74.1582527369999,,,,,,,,,5.422072255021215,spike_stage1_results.csv (same rows and CRPS code; intervals not stored),"Hurdle, panel + path (XGBoost)"
hurdle_panel_path_hist_gb,calibration,4.507543389462236,55.46857939095463,73.36087766508273,,,,,,,,,5.458182331232247,spike_stage1_results.csv (same rows and CRPS code; intervals not stored),"Hurdle, panel + path (HistGradientBoosting)"
hurdle_panel_path_logistic,calibration,4.530449789623359,58.41252777610927,84.92470692197013,,,,,,,,,5.433502218331029,spike_stage1_results.csv (same rows and CRPS code; intervals not stored),"Hurdle, panel + path (logistic)"
hurdle_panel_path_lgbm_wide,calibration,4.507196852335218,55.906491544269336,75.08099660330286,,,,,,,,,5.446969554005155,spike_stage1_results.csv (same rows and CRPS code; intervals not stored),"Hurdle, panel + path (LightGBM, uncapped)"
hurdle_panel_path_hist_gb_wide,calibration,4.512482854922165,56.01016971033823,75.48824443962145,,,,,,,,,5.422764312949009,spike_stage1_results.csv (same rows and CRPS code; intervals not stored),"Hurdle, panel + path (HGB, wide grid)"
spike_forecaster,calibration,4.507571934856443,55.471396761809984,73.37194429780254,0.9046664417141382,26.541026951941912,0.5926680244399185,67.53262385588265,0.576,194.76763795194384,55.0399031372614,744.0964095287706,5.422097159610483,scripts/spike_cps.py (same rows and metric code),Spike forecaster (frozen)
cps_split,calibration,4.736741146008793,62.81206600735758,101.83557193286404,0.8668545681903892,25.517217840703648,0.4460285132382892,24.531316821671428,0.04,21.537373956266528,68.71337603513398,1916.1226318870583,5.422097159610483,scripts/spike_cps.py (same rows and metric code),"CPS: split, regime-switch point"
cps_mondrian,calibration,4.658559899598505,60.28257441486438,90.99856906921802,0.8679859470832259,27.176000379861485,0.7596741344195519,213.86020660557995,0.36,91.36624866964698,62.15782572720885,1306.466438192868,5.422097159610483,scripts/spike_cps.py (same rows and metric code),CPS: Mondrian by spike risk (fixed calibration)
cps_mondrian_sliding,calibration,4.440372391773,59.76608593383713,82.14015957010572,0.9016295825807348,27.49078202135687,0.8228105906313645,231.73776916044076,0.672,137.14132943644142,50.53611168223029,814.2293626765963,5.422097159610483,scripts/spike_cps.py (same rows and metric code),CPS: Mondrian by spike risk (sliding windows)
cps_pit,calibration,4.506279969606562,55.574366286642565,73.68839929614337,0.9007165399654632,25.849766026941477,0.5865580448065173,65.10871132588318,0.56,187.06771832247816,54.94066630402959,748.8440085137145,,scripts/spike_cps.py (same rows and metric code),CPS: PIT-recalibrated spike forecaster
cps_pit_mondrian,calibration,4.428865782545848,57.32072038659679,76.19598521368609,0.8994065223000735,29.898789560638303,0.7983706720977597,416.1808239432433,0.528,203.12830808721648,51.19239480073526,775.2274147056647,,scripts/spike_cps.py (same rows and metric code),"CPS: PIT-recalibrated, Mondrian by spike risk"
persistence,test,4.175883828969476,14.767914812379544,42.49769209350888,0.8976499613726419,21.833257407730457,0.7379912663755459,24.75792888334373,0.3076923076923077,25.956674937965253,55.71076133276846,728.3904218362284,4.744947790764324,scripts/spike_cps.py (same rows and metric code),Persistence + sliding residual window
lightgbm_conformal,test,4.0325098343314885,16.111132271304157,41.29356941869144,0.8977496448775139,20.89453689706605,0.678727386150967,24.62102637280024,0.315136476426799,25.053904938624672,52.07048107480031,698.3807701882758,4.752878534337209,scripts/spike_cps.py (same rows and metric code),LightGBM + absolute sliding conformal (frozen)
lightgbm_normalized,test,,,,0.8983228250305281,22.131029272315025,,,,,,,,"conformal_test.csv (PR 2; same 40,127 test rows; interval only)",LightGBM + normalised sliding conformal
lightgbm_fixed_split,test,,,,0.9225209958382136,23.876686261617422,,,,,,,,"conformal_test.csv (PR 2; same 40,127 test rows; interval only)",LightGBM + fixed split conformal
qra,test,3.920811831350656,15.340227247694866,,0.930395992723104,26.078176138602764,0.6796631316281971,35.32607475282269,,,,,,"qra_regime.csv (PR 2; same test rows; CRPS is the quantile integral over levels 0.01 to 0.99, not the empirical CRPS; LightGBM conformal scores 4.004 overall and 15.98 tail on that measure)",QRA (calibration-fitted)
regime_switch,test,3.9752049213609033,14.700573390680155,41.56639238671552,0.8975502778677699,20.19589551174883,0.7189644416718652,23.15892786468149,0.292803970223325,24.13496989099285,51.95172096191632,714.2417929635826,4.650269634459085,scripts/spike_cps.py (same rows and metric code),Regime switch + sliding residual window
hurdle_panel,test,3.917056679300335,13.29264698299592,30.365866175708906,,,,,,,,,4.6403849578180685,spike_stage1_results.csv (same rows and CRPS code; intervals not stored),"Hurdle, panel only (LightGBM)"
hurdle_weather,test,3.920937063567984,13.31634071440468,30.55435774617164,,,,,,,,,4.708653728997118,spike_stage1_results.csv (same rows and CRPS code; intervals not stored),Hurdle + weather
hurdle_weather_predispatch,test,3.924949756449144,13.347392098660253,30.8013819097532,,,,,,,,,4.831293048530458,spike_stage1_results.csv (same rows and CRPS code; intervals not stored),Hurdle + weather + pre-dispatch (even-hour)
hurdle_weather_predispatch_all,test,3.9256455706781503,13.281476431216197,30.27700069430495,,,,,,,,,4.869257545278799,spike_stage1_results.csv (same rows and CRPS code; intervals not stored),"Hurdle + weather + pre-dispatch (hourly, revisions)"
hurdle_weather_predispatch_half,test,3.926175412673344,13.332306585095852,30.68137159588848,,,,,,,,,4.854421540840904,spike_stage1_results.csv (same rows and CRPS code; intervals not stored),"Hurdle + weather + pre-dispatch (half-hourly, revisions)"
hurdle_panel_path,test,3.914349450028215,13.204114449354504,29.661560213291093,,,,,,,,,4.688503835737683,spike_stage1_results.csv (same rows and CRPS code; intervals not stored),"Hurdle, panel + price path (LightGBM)"
hurdle_panel_path_xgboost,test,3.912265441446909,13.17615168902786,29.439107087714856,,,,,,,,,4.650269634459085,spike_stage1_results.csv (same rows and CRPS code; intervals not stored),"Hurdle, panel + path (XGBoost)"
hurdle_panel_path_hist_gb,test,3.9147558382812937,13.13114638748206,29.08107483770039,,,,,,,,,4.694558565671483,spike_stage1_results.csv (same rows and CRPS code; intervals not stored),"Hurdle, panel + path (HistGradientBoosting)"
hurdle_panel_path_logistic,test,3.9469260355270657,13.817314287323123,34.53977033866924,,,,,,,,,4.635260687189511,spike_stage1_results.csv (same rows and CRPS code; intervals not stored),"Hurdle, panel + path (logistic)"
hurdle_panel_path_lgbm_wide,test,3.914349450028215,13.204114449354504,29.661560213291093,,,,,,,,,4.688503835737683,spike_stage1_results.csv (same rows and CRPS code; intervals not stored),"Hurdle, panel + path (LightGBM, uncapped)"
hurdle_panel_path_hist_gb_wide,test,3.9105804493756016,13.1222984457791,29.01068649750265,,,,,,,,,4.650269634459085,spike_stage1_results.csv (same rows and CRPS code; intervals not stored),"Hurdle, panel + path (HGB, wide grid)"
spike_forecaster,test,3.9147558382812937,13.13114638748206,29.08107483770039,0.9082662546415132,24.42620295606553,0.7847785402370555,37.97259576977402,0.826302729528536,143.00025625047073,49.622564210245,270.99125089371813,4.650269634459085,scripts/spike_cps.py (same rows and metric code),Spike forecaster (frozen)
cps_split,test,4.005564563667262,14.683434685394262,41.58358920016654,0.9256610262416828,23.814589374558796,0.7245789145352464,23.81458937455879,0.3027295285359802,23.81458937455879,53.44381008223032,708.0414081934116,4.650269634459085,scripts/spike_cps.py (same rows and metric code),"CPS: split, regime-switch point"
cps_mondrian,test,4.3877511892684495,19.51373413722995,34.62665383614743,0.9599770727938794,52.19537861494898,0.9660012476606364,246.72152936868605,0.8933002481389578,145.6711492704902,60.89058069954272,312.8190489983983,4.650269634459085,scripts/spike_cps.py (same rows and metric code),CPS: Mondrian by spike risk (fixed calibration)
cps_mondrian_sliding,test,3.885389758485304,14.294655797978775,37.77865569743233,0.9001918907468787,25.417055609907557,0.8908296943231441,86.77398337991606,0.6228287841191067,54.86461333063742,46.39881499500928,481.90155762247423,4.650269634459085,scripts/spike_cps.py (same rows and metric code),CPS: Mondrian by spike risk (sliding windows)
cps_pit,test,3.9091692299562175,13.155636910463798,29.153753224313338,0.904627806713684,23.53138654438951,0.7785402370555209,36.207904951264005,0.8114143920595533,133.412253279728,49.25535667839716,275.06877814133986,,scripts/spike_cps.py (same rows and metric code),CPS: PIT-recalibrated spike forecaster
cps_pit_mondrian,test,4.452007515417271,21.04416604431201,29.963245376868425,0.9311685398858623,55.58228233358445,0.9644416718652526,358.7622725127012,0.8411910669975186,153.30461281938958,65.65458144664305,275.49776312339355,,scripts/spike_cps.py (same rows and metric code),"CPS: PIT-recalibrated, Mondrian by spike risk"
