split,probability,bin,mean_p,freq,n
calibration,raw,"(-0.001, 0.005]",0.0005458547391855695,0.00010603554311405183,47154
calibration,raw,"(0.005, 0.01]",0.00705297109615662,0.003289473684210526,912
calibration,raw,"(0.01, 0.02]",0.014104626883202423,0.0062402496099844,641
calibration,raw,"(0.02, 0.05]",0.031233782218378355,0.01509433962264151,530
calibration,raw,"(0.05, 0.1]",0.06953824036758648,0.04669260700389105,257
calibration,raw,"(0.1, 0.2]",0.14584171942685445,0.12244897959183673,196
calibration,raw,"(0.2, 0.3]",0.2463993259335969,0.1951219512195122,82
calibration,raw,"(0.3, 0.5]",0.37596253596425144,0.3372093023255814,86
calibration,raw,"(0.5, 0.7]",0.5754741101253908,0.6666666666666666,30
calibration,raw,"(0.7, 1.0]",0.7703196630484049,1.0,2
calibration,isotonic,"(-0.001, 0.005]",0.0001374270852000308,0.00033212247016087184,48175
calibration,isotonic,"(0.005, 0.01]",0.00696170795850259,0.00546448087431694,183
calibration,isotonic,"(0.01, 0.02]",0.012121212121212121,0.08029197080291971,137
calibration,isotonic,"(0.02, 0.05]",0.025663806191933442,0.002336448598130841,856
calibration,isotonic,"(0.05, 0.1]",0.07991442261802681,0.135678391959799,199
calibration,isotonic,"(0.1, 0.2]",0.147274871833551,0.0748663101604278,187
calibration,isotonic,"(0.2, 0.3]",0.246941760922348,0.2441860465116279,86
calibration,isotonic,"(0.3, 0.5]",0.4213555514351965,0.26666666666666666,15
calibration,isotonic,"(0.5, 0.7]",0.6496490445185941,0.4782608695652174,46
calibration,isotonic,"(0.7, 1.0]",0.9076384547304824,0.8333333333333334,6
test,raw,"(-0.001, 0.005]",0.001226452799212717,7.116931179275497e-05,28102
test,raw,"(0.005, 0.01]",0.00698111986151656,0.001026694045174538,2922
test,raw,"(0.01, 0.02]",0.013941433677449403,0.004439511653718091,1802
test,raw,"(0.02, 0.05]",0.031604570175855246,0.014275517487508922,1401
test,raw,"(0.05, 0.1]",0.07142732517566422,0.03506787330316742,884
test,raw,"(0.1, 0.2]",0.14258822920325645,0.08906426155580609,887
test,raw,"(0.2, 0.3]",0.24507336568464988,0.16666666666666666,438
test,raw,"(0.3, 0.5]",0.382339178884437,0.3541666666666667,384
test,raw,"(0.5, 0.7]",0.5616588558842877,0.504950495049505,101
test,isotonic,"(-0.001, 0.005]",0.0003941347914985566,0.00016367147860813774,30549
test,isotonic,"(0.005, 0.01]",0.00959860021209012,0.004016064257028112,2739
test,isotonic,"(0.01, 0.02]",0.017569060773480662,0.013812154696132596,362
test,isotonic,"(0.02, 0.05]",0.029433576098665235,0.023204419889502764,905
test,isotonic,"(0.05, 0.1]",0.05768101133728979,0.04408817635270541,499
test,isotonic,"(0.1, 0.2]",0.14738075314068494,0.09815950920245399,1141
test,isotonic,"(0.2, 0.3]",0.22892374583103728,0.1976401179941003,339
test,isotonic,"(0.3, 0.5]",0.3719628214352214,0.38181818181818183,275
test,isotonic,"(0.5, 0.7]",0.6380829815278046,0.48598130841121495,107
test,isotonic,"(0.7, 1.0]",0.9372778187795214,0.6,5
