n,mae,rmse,model,split,skill_vs_persistence
52397,5.668142641754298,19.016352418257803,persistence_5min,calibration,0.0
52397,11.938381586732064,34.900079956803516,persistence_30min,calibration,-1.1062246208816506
52397,26.292875737160525,55.23660829088493,persistence_1d,calibration,-3.6387110203392554
52397,6.566018778196242,16.332957063254202,ridge,calibration,-0.15840747016981394
52397,5.363083510521564,17.061336077009948,lightgbm,calibration,0.05381994605878826
40127,4.744947790764324,16.24166796787349,persistence_5min,test,0.0
40127,14.81992125003115,35.17745824834443,persistence_30min,test,-2.1233054405523677
40127,29.197883719191566,55.63552832482098,persistence_1d,test,-5.1534678581760165
40127,6.787322739481676,14.30154596999159,ridge,test,-0.43043149024583127
40127,4.752878534337209,14.854570697775232,lightgbm,test,-0.00167140797382892
