member_fit,level,converged,intercept,lightgbm,persistence_5min
qra,0.01,True,-3.8017382362509604,1.5687454503190201,-0.6852401041463217
qra,0.025,True,-3.3351923175794185,1.6350640039088102,-0.6971549057420211
qra,0.05,True,-1.7583622716749665,1.590530458792421,-0.6395353335712867
qra,0.1,True,-0.5977572140861952,1.5366578928320294,-0.5703998314996619
qra,0.15,True,0.3384935852069853,1.5568813019614751,-0.5845544271492881
qra,0.2,True,0.824551236353014,1.4095570572265474,-0.4321482959730055
qra,0.25,True,0.7721895742656993,1.1883797404180385,-0.2041368809809233
qra,0.3,True,0.7343978967349807,1.1681221204903922,-0.17876203830471177
qra,0.35,True,0.7332803369577253,1.085965216488875,-0.09442563097900102
qra,0.4,True,0.6292985404972191,0.7912412335839244,0.20238702813298143
qra,0.45,True,0.7150408743796345,0.6227689981571449,0.37061567123084993
qra,0.5,True,0.6936252425452638,0.43883324225166326,0.5552348771285313
qra,0.55,True,0.7694978504767085,0.334470048177854,0.6593910056461633
qra,0.6,True,0.9748764144688553,0.31656889418903145,0.676377884324179
qra,0.65,True,1.471672706275825,0.41040431862570065,0.5800202830775095
qra,0.7,True,2.114007179330116,0.5294145628920276,0.45833141364625707
qra,0.75,True,2.9964970638329715,0.6731114418806866,0.3128908612456081
qra,0.8,True,3.6767486233231788,0.8178823884067731,0.1696139872894082
qra,0.85,True,4.393180933746863,0.9661517949803274,0.0260805950458602
qra,0.9,True,5.198746539806608,1.0354963766491367,-0.035051521511558374
qra,0.95,True,6.334226457724106,1.0655690212291877,-0.04860857888650885
qra,0.975,True,6.744287998489505,1.0527830777575204,-0.0021773249745232004
qra,0.99,True,8.169811576359185,1.3868329298744804,-0.27535972853162793
