level,converged,intercept,persistence_5min,persistence_30min,persistence_1d,ridge,lightgbm
0.01,True,-17.23548044493478,-0.342368255515197,-0.012705180371995084,0.02659474111311866,0.5234546870321095,0.6051902044408024
0.025,True,-11.251528532011434,-0.368885636307823,-2.208998193964362e-05,0.014751914905446029,0.432056360333263,0.8333724966360023
0.05,True,-7.740460588195219,-0.41714887229699116,0.004178616439496352,0.008693057686720351,0.3616435246718197,1.0068287199759993
0.1,True,-4.293824809798025,-0.3901196675460312,0.0004117670497407744,0.003992454785471722,0.29678601015879735,1.0688069015962256
0.15,True,-2.7447996172086278,-0.3561815410644158,-0.0007365586422203307,0.002212515840726681,0.24609362582458516,1.0940778523564347
0.2,True,-1.531241792237779,-0.33491207871838924,-0.0024806995158037637,0.0010201030431915281,0.2062678968934506,1.1171742943835496
0.25,True,-0.7401196379660178,-0.29376091688709494,-0.004048622365417032,0.00025788183269526144,0.15328294108462615,1.134204383367205
0.3,True,-0.23920436194021022,-0.24674192344173207,-0.004881138130542695,-0.0001003014439717731,0.10459147212895914,1.139521311009048
0.35,True,0.02306929678115921,-0.19722681041730183,-0.0037036499722695737,-0.00013564939280863442,0.05623266067776056,1.1401616547511715
0.4,True,0.11688148922439723,-0.1447313983710501,-0.002483382422383329,-3.1615035425147653e-06,0.02401425059866824,1.1207240817778583
0.45,True,0.2196152518808958,-0.08336615454072671,-0.002786701491004351,3.160415216285628e-05,0.010417074767246959,1.0735615747180418
0.5,True,0.4079122942130198,-0.017288561906752875,-0.0031239719187396986,-8.857922875904478e-05,0.009144031237156014,1.0086573881299046
0.55,True,0.7534781938938977,0.03231690120492203,-0.003775039208818498,-0.00045996249940571943,0.01407436889167002,0.9536013239649037
0.6,True,1.3056568183383206,0.07807417999720201,-0.00459821037020447,-0.0010673061399302242,0.035380184403038584,0.8855994767509401
0.65,True,2.0573864001171387,0.10859347334371705,-0.005080729147301177,-0.002325877012289368,0.07583648399895537,0.8137675296714519
0.7,True,2.8843013269345334,0.1176825400011694,-0.007258488491416415,-0.003361827419305463,0.12591821948691972,0.7563900814295152
0.75,True,3.7778889356138734,0.11682438775119408,-0.006770467939356539,-0.004933651755692381,0.1889949765362644,0.6948961690561646
0.8,True,4.815248468310472,0.1151632769413311,-0.008661530638176984,-0.007302923458972543,0.25718293450506735,0.6336287923739405
0.85,True,6.337530064989551,0.12696216121662474,-0.00767931022664925,-0.01031409610720857,0.3528330575857126,0.5286043532097437
0.9,True,8.551970582979266,0.14196285518119112,-0.010544510730142065,-0.014036215706255462,0.47425417039266904,0.4015032955649076
0.95,True,13.134386129655468,0.15094358443479905,-0.011664603118749284,-0.020200460752512583,0.6758581961418599,0.21094949669122798
0.975,True,17.39925114151265,0.10710283441221691,-0.011003312663490306,-0.029327649581887272,0.8120625357259996,0.17314298906239856
0.99,True,23.202474793975853,0.036767349988394926,0.023087196106359897,-0.028903636667089838,1.153511462331835,-0.0027610362308223557
