n,coverage,mean_width,median_width,nominal,pinball_lower,pinball_upper,regime,crps_quantile_integral,base,method,crps
40127,0.9303959927231041,26.078176138602764,25.246555485447672,0.9,1.0525485364543006,1.3367895939152281,all,3.9208118313506555,qra,qra,
36921,0.9521681427913653,25.27514363793406,25.065730427127917,0.9,0.9129701202326901,0.7783651220655216,body,2.929217729760786,qra,qra,
3206,0.6796631316281971,35.32607475282269,31.613280917042232,0.9,2.659964227445594,7.767728435201256,tail,15.340227247694866,qra,qra,
40127,0.8977496448775139,20.894536897066054,19.18382787428733,0.9,1.1520195519980534,1.4515045017419623,all,4.003859336261143,lightgbm,absolute,4.0325098343314885
36921,0.9167682348798787,20.570950719573467,18.65795622092446,0.9,0.9623360289441859,0.7586790159984653,body,2.9639252936739564,lightgbm,absolute,2.983674116638729
3206,0.678727386150967,24.62102637280024,23.744321479582737,0.9,3.3364566557634414,9.43023493191528,tail,15.979968128014582,lightgbm,absolute,16.111132271304157
40127,0.8976499613726419,21.833257407730457,19.67,0.9,1.3992301692127496,1.386307897425674,all,4.144787910297306,persistence_5min,absolute,4.175883828969476
36921,0.9115137726497116,21.579296335418867,19.260000000000005,0.9,1.1724748381679804,0.8021618184772898,body,3.234104907803147,persistence_5min,absolute,3.2561348694934953
3206,0.7379912663755459,24.75792888334373,23.390000000000015,0.9,4.010594354335621,8.113462414223331,tail,14.632413342326887,persistence_5min,absolute,14.767914812379544
