month,n,coverage,mean_width,median_width,pinball_lower,pinball_upper,crps_quantile_integral,base,method,nominal,crps
2026-04,8640,0.9728009259259259,25.099425466145675,24.85264137495649,0.8397708038964061,0.94847096612145,2.798777865926408,qra,qra,0.9,
2026-05,8928,0.91084229390681,25.698624570730534,25.065406019434505,1.1093315779806865,1.3091181137998011,4.473405680017237,qra,qra,0.9,
2026-06,8640,0.9103009259259259,26.746675231558246,25.673682688920174,1.2216564905730818,1.6500242765249795,4.493445898484813,qra,qra,0.9,
2026-07,8927,0.9210261005937045,26.770162907277335,25.80289485092132,1.1085394483373716,1.507446470838019,4.127087977196148,qra,qra,0.9,
2026-08,4992,0.9435096153846154,26.056510305449567,25.42474592332116,0.9264501832063424,1.2110528792859738,3.51452779416484,qra,qra,0.9,
2026-04,8640,0.8975694444444444,15.077738470043633,15.056115516427504,0.8220708619299953,0.9311615490419912,2.8002251567348333,lightgbm,absolute,0.9,2.8216843991492735
2026-05,8928,0.8923611111111112,26.016205233056862,24.80195245206474,1.2856064725953238,1.4354095689458921,4.6025732105563435,lightgbm,absolute,0.9,4.632460785057683
2026-06,8640,0.9016203703703703,22.852197622157547,20.627017242028955,1.354935088832483,1.8077111685640328,4.567755414117447,lightgbm,absolute,0.9,4.60092783576757
2026-07,8927,0.902766886972107,21.034762735214336,21.014112903569668,1.1983280011707242,1.6766833870440332,4.211106443450314,lightgbm,absolute,0.9,4.242302468412843
2026-08,4992,0.8920272435897436,18.163146429078765,18.04296038812535,1.0501579516538384,1.3616930355754542,3.669709657343591,lightgbm,absolute,0.9,3.6962156226004983
2026-04,8640,0.9008101851851852,16.49130787037037,16.310000000000002,0.9342411458333333,0.9555036458333337,2.933205340277778,persistence_5min,absolute,0.9,2.9562788853787936
2026-05,8928,0.8912410394265233,28.50903225806452,27.51000000000002,1.5389696460573477,1.4805556675627245,4.951166308187724,persistence_5min,absolute,0.9,4.983632597693208
2026-06,8640,0.9028935185185185,22.439969907407406,21.02000000000001,1.6273864583333335,1.5980414351851857,4.50303731238426,persistence_5min,absolute,0.9,4.5386208609161685
2026-07,8927,0.8991822560770696,21.111036182368093,20.74999999999997,1.4948675926963144,1.504470482804974,4.229087713117508,persistence_5min,absolute,0.9,4.262324185250939
2026-08,4992,0.8918269230769231,19.38101362179487,20.160000000000025,1.3881896033653847,1.3856046674679492,4.0287838828125,persistence_5min,absolute,0.9,4.05971890287051
