n,coverage_50,mean_width_50,median_width_50,coverage_80,mean_width_80,median_width_80,coverage_90,mean_width_90,median_width_90,coverage_95,mean_width_95,median_width_95,crps_quantile_integral,variant,combiner,subset,members,window,window_days,fit_end,n_fit,eval_period,all_levels_converged,candidate,role,selected
8919,0.5042045072317525,2.9146052784737755,2.6487759134139566,0.8105168740890234,9.547806940231224,9.379511052798605,0.9177037784504989,15.461438264118236,15.364015491830799,0.9670366633030609,23.98981882638177,24.014285646261882,2.559750073324248,qra:all5@28d,qra,all5,persistence_5min+persistence_30min+persistence_1d+ridge+lightgbm,28d,28.0,2026-02-28 23:55:00,8059.0,2026-03-01 00:00:00 to 2026-03-31 23:55:00,True,True,variant,False
8919,0.5551070747841687,3.4413111794008233,3.1330448323029287,0.8374257203722391,10.557795194730732,10.39607107969573,0.9272339948424712,16.81027722868774,16.735301019742792,0.9689427065814553,25.628266721119502,25.629833555352917,2.569000355645745,qra:all5@56d,qra,all5,persistence_5min+persistence_30min+persistence_1d+ridge+lightgbm,56d,56.0,2026-02-28 23:55:00,16123.0,2026-03-01 00:00:00 to 2026-03-31 23:55:00,True,True,variant,False
8919,0.5996187913443212,4.240630942860036,3.9669100904401517,0.8736405426617334,12.402668240394545,12.178350210563408,0.9549276824756139,21.345132967256703,21.273009667216854,0.9840789326157641,35.863828528625135,35.95521918452026,2.609608423380146,qra:all5@91d,qra,all5,persistence_5min+persistence_30min+persistence_1d+ridge+lightgbm,91d,91.0,2026-02-28 23:55:00,26198.0,2026-03-01 00:00:00 to 2026-03-31 23:55:00,True,True,variant,False
8919,0.6231640318421348,5.273959465128916,5.10209014642183,0.9120977688081624,15.686835976986067,15.53281137157417,0.9736517546810181,27.789260572257927,27.67358845301152,0.9910303845722614,46.602805224491554,46.722063760321575,2.723641169647444,qra:all5@all,qra,all5,persistence_5min+persistence_30min+persistence_1d+ridge+lightgbm,all,,2026-02-28 23:55:00,43478.0,2026-03-01 00:00:00 to 2026-03-31 23:55:00,True,True,variant,False
8919,0.5093620361027021,2.983756821536778,2.708947382688848,0.8133198789101918,9.65285896648196,9.483703490751324,0.9182643794147326,15.428351773992498,15.332894432605954,0.9673730238816011,23.826528608410968,23.84069040663954,2.5534784997983992,qra:lgbm_ridge_p5@28d,qra,lgbm_ridge_p5,lightgbm+ridge+persistence_5min,28d,28.0,2026-02-28 23:55:00,8059.0,2026-03-01 00:00:00 to 2026-03-31 23:55:00,True,True,variant,False
8919,0.5604888440408118,3.460151068427958,3.1546975965624,0.8395560040363269,10.654097913936887,10.474410698006977,0.9268976342639309,16.661043140898265,16.57113007982319,0.9684942258100684,25.702020006325352,25.65529692349419,2.5589120341484106,qra:lgbm_ridge_p5@56d,qra,lgbm_ridge_p5,lightgbm+ridge+persistence_5min,56d,56.0,2026-02-28 23:55:00,16123.0,2026-03-01 00:00:00 to 2026-03-31 23:55:00,True,True,variant,False
8919,0.6019733153941025,4.238331800725583,3.9700899534481806,0.877564749411369,12.52369326680442,12.318486760204124,0.9556004036326943,21.551635310424203,21.417963611176702,0.9855364951227716,36.276772059388314,36.33690258002453,2.6021902888782433,qra:lgbm_ridge_p5@91d,qra,lgbm_ridge_p5,lightgbm+ridge+persistence_5min,91d,91.0,2026-02-28 23:55:00,26198.0,2026-03-01 00:00:00 to 2026-03-31 23:55:00,True,True,variant,False
8919,0.6282094405202377,5.3007318181263425,5.120404854528061,0.9150128938221773,15.879869794973049,15.725503874048854,0.9733153941024778,28.01128777732995,27.87947040553769,0.9912546249579549,46.935927046260595,46.995332423355535,2.724102935825947,qra:lgbm_ridge_p5@all,qra,lgbm_ridge_p5,lightgbm+ridge+persistence_5min,all,,2026-02-28 23:55:00,43478.0,2026-03-01 00:00:00 to 2026-03-31 23:55:00,True,True,variant,False
8919,0.515640766902119,2.8067545664765294,2.536096900786333,0.8101805135104833,9.488594785651108,9.295187383817137,0.9147886534364839,15.225231289762673,15.06132324156745,0.9627760959748851,23.34399349380183,23.275847122887114,2.5635309780767557,qra:lgbm_p5@28d,qra,lgbm_p5,lightgbm+persistence_5min,28d,28.0,2026-02-28 23:55:00,8059.0,2026-03-01 00:00:00 to 2026-03-31 23:55:00,True,True,variant,True
8919,0.557013118062563,3.173635762012556,2.8761720585524415,0.8341742347796838,10.355706032378704,10.092380923084718,0.924767350599843,16.42449247179425,16.2187095383795,0.9653548604103599,24.210029360049028,24.139233226958027,2.571384770748281,qra:lgbm_p5@56d,qra,lgbm_p5,lightgbm+persistence_5min,56d,56.0,2026-02-28 23:55:00,16123.0,2026-03-01 00:00:00 to 2026-03-31 23:55:00,True,True,variant,False
8919,0.59760062787308,3.929443733595524,3.6593710532780364,0.8675860522480099,12.076338568847836,11.786693881437657,0.9503307545688978,20.311998753395162,20.185202451151213,0.9846395335799978,34.610661603231684,34.64415967960777,2.613191825787885,qra:lgbm_p5@91d,qra,lgbm_p5,lightgbm+persistence_5min,91d,91.0,2026-02-28 23:55:00,26198.0,2026-03-01 00:00:00 to 2026-03-31 23:55:00,True,True,variant,False
8919,0.635160892476735,4.816413701148798,4.692588297146699,0.9138916918937101,15.220253060759532,15.103814263392763,0.9734275142953246,26.829926343440206,26.742496628475024,0.990806144186568,46.2390221798322,46.285323339533264,2.7144463283794322,qra:lgbm_p5@all,qra,lgbm_p5,lightgbm+persistence_5min,all,,2026-02-28 23:55:00,43478.0,2026-03-01 00:00:00 to 2026-03-31 23:55:00,True,True,variant,False
8919,0.5055499495459133,2.7077427314448177,2.708244245000543,0.8096199125462495,9.33653086515552,9.343127966541246,0.9144522928579437,15.384966470746258,15.39314476317449,0.9624397353963449,23.375831610511305,23.401601458005686,2.620162460130642,qra:lgbm@28d,qra,lgbm,lightgbm,28d,28.0,2026-02-28 23:55:00,8059.0,2026-03-01 00:00:00 to 2026-03-31 23:55:00,True,True,variant,False
8919,0.5477071420562843,3.2137382553646425,3.2214867420348554,0.8339499943939903,10.270531805714187,10.287692880720115,0.9239825092499159,16.46211703484524,16.491044221192766,0.966588182531674,24.563221466883125,24.643175363156715,2.6213543508759685,qra:lgbm@56d,qra,lgbm,lightgbm,56d,56.0,2026-02-28 23:55:00,16123.0,2026-03-01 00:00:00 to 2026-03-31 23:55:00,True,True,variant,False
8919,0.5916582576522031,3.884479952506696,3.893175974872989,0.8662406099338491,11.99271056921054,12.010658360760914,0.9514519564973651,20.548606419619922,20.61731380438522,0.9844152931943043,35.4832672784633,35.67526852311448,2.6526264687490695,qra:lgbm@91d,qra,lgbm,lightgbm,91d,91.0,2026-02-28 23:55:00,26198.0,2026-03-01 00:00:00 to 2026-03-31 23:55:00,True,True,variant,False
8919,0.6360578540195089,4.682905946206167,4.694000707453526,0.9146765332436372,15.343529739886446,15.368621847789967,0.9742123556452517,27.38563434700721,27.438148770393937,0.9918152259221886,47.334119278052725,47.51796394772104,2.725068131079426,qra:lgbm@all,qra,lgbm,lightgbm,all,,2026-02-28 23:55:00,43478.0,2026-03-01 00:00:00 to 2026-03-31 23:55:00,True,True,variant,False
8919,0.6119520125574616,8.867886827211096,8.856985784217201,0.8764435474829017,20.4428436512963,20.490998547811387,0.9475277497477296,31.2449764095503,31.399104266878908,0.9765668796950331,44.76891122702697,45.040478429468735,4.181491432553428,qrm:all5@28d,qrm,all5,persistence_5min+persistence_30min+persistence_1d+ridge+lightgbm,28d,28.0,2026-02-28 23:55:00,8059.0,2026-03-01 00:00:00 to 2026-03-31 23:55:00,True,True,variant,False
8919,0.6274245991703106,9.31865011786355,9.330207553323845,0.8924767350599843,22.37677518574862,22.48483190664085,0.954479201704227,34.34509203855668,34.58146916026388,0.9798183652875883,49.5128319108667,49.869257956209296,4.220436192985973,qrm:all5@56d,qrm,all5,persistence_5min+persistence_30min+persistence_1d+ridge+lightgbm,56d,56.0,2026-02-28 23:55:00,16123.0,2026-03-01 00:00:00 to 2026-03-31 23:55:00,True,True,variant,False
8919,0.6531001233322121,9.952175340547148,9.958458750765075,0.923085547707142,25.6530590063914,25.771812761913807,0.9730911537167843,43.462142433322114,43.756061446782525,0.987891019172553,63.804773106568476,64.27538383428747,4.282385859052808,qrm:all5@91d,qrm,all5,persistence_5min+persistence_30min+persistence_1d+ridge+lightgbm,91d,91.0,2026-02-28 23:55:00,26198.0,2026-03-01 00:00:00 to 2026-03-31 23:55:00,True,True,variant,False
8919,0.6708151138019958,10.167109072052483,10.148578884447886,0.9342975669918152,26.652169581106612,26.70427717115271,0.9804910864446686,46.37751747637119,46.60362189381915,0.9919273461150353,68.78123538069401,69.18392781878904,4.290116295033936,qrm:all5@all,qrm,all5,persistence_5min+persistence_30min+persistence_1d+ridge+lightgbm,all,,2026-02-28 23:55:00,43478.0,2026-03-01 00:00:00 to 2026-03-31 23:55:00,True,True,variant,False
8919,0.49456217064693353,3.5008399928606035,3.5029377197132305,0.8124229173674179,9.600099653316565,9.628434767243832,0.9157977351721045,15.328652278443506,15.370296480449184,0.9668124229173675,24.242595731202368,24.33733341196708,2.716386773790293,qrm:lgbm_ridge_p5@28d,qrm,lgbm_ridge_p5,lightgbm+ridge+persistence_5min,28d,28.0,2026-02-28 23:55:00,8059.0,2026-03-01 00:00:00 to 2026-03-31 23:55:00,True,True,variant,False
8919,0.5520798295773068,4.172192225056694,4.184584529304033,0.8421347684718018,10.694220941810892,10.733258916924555,0.9288036775423254,16.938664126862705,17.01352616748879,0.9684942258100684,25.533908709696178,25.659919936822206,2.7247234214920866,qrm:lgbm_ridge_p5@56d,qrm,lgbm_ridge_p5,lightgbm+ridge+persistence_5min,56d,56.0,2026-02-28 23:55:00,16123.0,2026-03-01 00:00:00 to 2026-03-31 23:55:00,True,True,variant,False
8919,0.5969279067159996,4.762211356663804,4.77265903105237,0.87924655230407,12.626669254236187,12.672199635783443,0.9553761632470008,21.508460020578987,21.615749254803106,0.9850880143513847,36.18936946584825,36.40306848590404,2.769024412665341,qrm:lgbm_ridge_p5@91d,qrm,lgbm_ridge_p5,lightgbm+ridge+persistence_5min,91d,91.0,2026-02-28 23:55:00,26198.0,2026-03-01 00:00:00 to 2026-03-31 23:55:00,True,True,variant,False
8919,0.6223791904922077,5.260854305285788,5.268487974181809,0.9187128601861195,15.773066242803603,15.8143841232896,0.9767911200807265,28.76693174047965,28.866560182252783,0.9923758268864222,48.484377735253766,48.69321317244615,2.846840202069353,qrm:lgbm_ridge_p5@all,qrm,lgbm_ridge_p5,lightgbm+ridge+persistence_5min,all,,2026-02-28 23:55:00,43478.0,2026-03-01 00:00:00 to 2026-03-31 23:55:00,True,True,variant,False
8919,0.5137347236237246,2.1598094546098996,2.1628685389019324,0.813207758717345,9.512132972643053,9.522947036151166,0.9178158986433457,16.01221235425991,16.03448584281726,0.963224576746272,24.439276888735375,24.485279789187402,2.6396745109782143,qrm:lgbm_p5@28d,qrm,lgbm_p5,lightgbm+persistence_5min,28d,28.0,2026-02-28 23:55:00,8059.0,2026-03-01 00:00:00 to 2026-03-31 23:55:00,True,True,variant,False
8919,0.5512949882273798,2.7206759282946713,2.730488966753697,0.8314833501513622,10.299674579222184,10.327032611115797,0.926449153492544,17.092124477590264,17.138704354597863,0.9661397017602871,25.57497349284222,25.660945615466034,2.6423403292617,qrm:lgbm_p5@56d,qrm,lgbm_p5,lightgbm+persistence_5min,56d,56.0,2026-02-28 23:55:00,16123.0,2026-03-01 00:00:00 to 2026-03-31 23:55:00,True,True,variant,False
8919,0.5989460701872408,3.4638979344509697,3.4748315085282684,0.8673618118623164,12.304993194596108,12.332895820390718,0.9488731920618904,21.181691855181395,21.254241015382348,0.983294091265837,37.08996493168295,37.28120948864053,2.675913440352178,qrm:lgbm_p5@91d,qrm,lgbm_p5,lightgbm+persistence_5min,91d,91.0,2026-02-28 23:55:00,26198.0,2026-03-01 00:00:00 to 2026-03-31 23:55:00,True,True,variant,False
8919,0.6483910752326494,4.406289004520964,4.4204202267428485,0.9181522592218858,16.08551236160144,16.123735526058113,0.9762305191164928,29.3508519266887,29.423226032584438,0.9914788653436484,50.02212878035799,50.196758661210794,2.7576157572833013,qrm:lgbm_p5@all,qrm,lgbm_p5,lightgbm+persistence_5min,all,,2026-02-28 23:55:00,43478.0,2026-03-01 00:00:00 to 2026-03-31 23:55:00,True,True,variant,False
8919,0.6483910752326494,9.419751560706942,9.447339848568973,0.9214037448144411,24.69158244618414,24.78703176177659,0.9662518219531337,37.31469803685132,37.449416852458015,0.9828456104944501,51.36639153771387,51.562226438916284,4.1174208478412515,qave:all5@28d,qave,all5,persistence_5min+persistence_30min+persistence_1d+ridge+lightgbm,28d,28.0,2026-02-28 23:55:00,8059.0,2026-03-01 00:00:00 to 2026-03-31 23:55:00,True,True,variant,False
8919,0.6568000896961543,10.003678674483181,10.027495378628586,0.9330642448705012,26.361270696641498,26.463908887816203,0.9686063460029152,39.45682594958337,39.62765420958439,0.986657697051239,56.67102605927021,56.90069840990546,4.217196108347016,qave:all5@56d,qave,all5,persistence_5min+persistence_30min+persistence_1d+ridge+lightgbm,56d,56.0,2026-02-28 23:55:00,16123.0,2026-03-01 00:00:00 to 2026-03-31 23:55:00,True,True,variant,False
8919,0.6701423926449154,11.179823077861382,11.1912970377184,0.9421459804910864,29.32837615270569,29.420752427761315,0.9809395672160556,48.8475051959692,49.06438653833593,0.992487947079269,70.46867534361476,70.81012396628591,4.391914397788715,qave:all5@91d,qave,all5,persistence_5min+persistence_30min+persistence_1d+ridge+lightgbm,91d,91.0,2026-02-28 23:55:00,26198.0,2026-03-01 00:00:00 to 2026-03-31 23:55:00,True,True,variant,False
8919,0.7011996860634601,11.859937281304633,11.818371078090138,0.9512277161116717,32.406331010643974,32.44060211133235,0.9849758941585379,54.98121108792025,55.14296383437745,0.9959636730575177,80.95386734329178,81.30134376827178,4.422084344039763,qave:all5@all,qave,all5,persistence_5min+persistence_30min+persistence_1d+ridge+lightgbm,all,,2026-02-28 23:55:00,43478.0,2026-03-01 00:00:00 to 2026-03-31 23:55:00,True,True,variant,False
8919,0.4899652427402175,3.40254161610501,3.4080631084584923,0.847068056957058,10.79847471169935,10.820965988692748,0.9329521246776544,17.24939006063117,17.290095859739523,0.971969951788317,26.015332009957017,26.083720054802555,2.7146848380220785,qave:lgbm_ridge_p5@28d,qave,lgbm_ridge_p5,lightgbm+ridge+persistence_5min,28d,28.0,2026-02-28 23:55:00,8059.0,2026-03-01 00:00:00 to 2026-03-31 23:55:00,True,True,variant,False
8919,0.543670815113802,4.0443675344742225,4.052962290854154,0.8681466532122435,11.900377081394701,11.934072981103853,0.943155062226707,18.664811169950923,18.721309053413677,0.9735396344881713,27.82887726542773,27.94321146401539,2.727586720739795,qave:lgbm_ridge_p5@56d,qave,lgbm_ridge_p5,lightgbm+ridge+persistence_5min,56d,56.0,2026-02-28 23:55:00,16123.0,2026-03-01 00:00:00 to 2026-03-31 23:55:00,True,True,variant,False
8919,0.5951339836304519,4.817437192419587,4.826689541321585,0.8986433456665546,13.954800398770278,13.992397211347864,0.9628882161677318,23.04616966709424,23.134496130674805,0.987442538401166,38.54537177143542,38.743895438542054,2.78250595292298,qave:lgbm_ridge_p5@91d,qave,lgbm_ridge_p5,lightgbm+ridge+persistence_5min,91d,91.0,2026-02-28 23:55:00,26198.0,2026-03-01 00:00:00 to 2026-03-31 23:55:00,True,True,variant,False
8919,0.6313488059199461,5.510596961462401,5.515491329288523,0.9299248794707927,17.02533261756031,17.06247959179271,0.9793698845162013,30.17128990461109,30.25902261395015,0.9928243076578092,50.93036920062118,51.139369235968715,2.870602864667958,qave:lgbm_ridge_p5@all,qave,lgbm_ridge_p5,lightgbm+ridge+persistence_5min,all,,2026-02-28 23:55:00,43478.0,2026-03-01 00:00:00 to 2026-03-31 23:55:00,True,True,variant,False
8919,0.5154165265164256,2.164992677518973,2.168484523955982,0.8157865231528199,9.646940924916855,9.661855577197201,0.9188249803789662,16.127334805776606,16.148646428844046,0.9655791007960534,25.278621891652403,25.331772222995795,2.6397271431235887,qave:lgbm_p5@28d,qave,lgbm_p5,lightgbm+persistence_5min,28d,28.0,2026-02-28 23:55:00,8059.0,2026-03-01 00:00:00 to 2026-03-31 23:55:00,True,True,variant,False
8919,0.5560040363269425,2.7921097502735517,2.8017333402383855,0.8370893597936988,10.545972210852941,10.572593772783307,0.9284673169637851,17.36508695225383,17.409674346275565,0.9681578652315282,26.22404364709396,26.318047379562984,2.643814094270909,qave:lgbm_p5@56d,qave,lgbm_p5,lightgbm+persistence_5min,56d,56.0,2026-02-28 23:55:00,16123.0,2026-03-01 00:00:00 to 2026-03-31 23:55:00,True,True,variant,False
8919,0.6036551182868034,3.5470033311508278,3.5578619422402227,0.8699405762977912,12.477936602240517,12.507364389073246,0.951115595918825,21.629547578087635,21.705182903051494,0.9839668124229174,37.5019722363171,37.68503021444157,2.678602392174199,qave:lgbm_p5@91d,qave,lgbm_p5,lightgbm+persistence_5min,91d,91.0,2026-02-28 23:55:00,26198.0,2026-03-01 00:00:00 to 2026-03-31 23:55:00,True,True,variant,False
8919,0.6524274021751317,4.484005418363286,4.491033029349978,0.9190492207646597,16.227695093378603,16.261260577922428,0.9774638412378069,29.98741328308121,30.068953230316453,0.9921515865007288,51.29417384352441,51.48873167997377,2.7613973025630183,qave:lgbm_p5@all,qave,lgbm_p5,lightgbm+persistence_5min,all,,2026-02-28 23:55:00,43478.0,2026-03-01 00:00:00 to 2026-03-31 23:55:00,True,True,variant,False
8919,0.5398587285570131,4.377972638796004,4.00988302020329,0.8791344321112232,12.233016898662823,11.423203077330726,0.9554882834398475,19.09219734971965,17.943027828688216,0.9826213701087566,27.766665269504198,26.367484164669932,2.602154283410142,qave:lgbmq_lgbm_ridge_p5@28d,qave,lgbmq_lgbm_ridge_p5,lightgbm_quantile+lightgbm+ridge+persistence_5min,28d,28.0,2026-02-28 23:55:00,8059.0,2026-03-01 00:00:00 to 2026-03-31 23:55:00,True,True,variant,False
8919,0.5782038345105953,4.859342077572913,4.493523439691131,0.8952797398811526,13.059443675934336,12.263021840860759,0.9617670142392645,20.15376318170947,19.00238159766657,0.9848637739656912,29.126824211107238,27.73776885180041,2.6202883938573116,qave:lgbmq_lgbm_ridge_p5@56d,qave,lgbmq_lgbm_ridge_p5,lightgbm_quantile+lightgbm+ridge+persistence_5min,56d,56.0,2026-02-28 23:55:00,16123.0,2026-03-01 00:00:00 to 2026-03-31 23:55:00,True,True,variant,False
8919,0.6140822962215495,5.439144321031937,5.075398803400745,0.9169189371005718,14.60026116396602,13.80873979920132,0.9734275142953246,23.439782054566958,22.320085633455946,0.9914788653436484,37.164195090613,35.585245830880915,2.6734251528054367,qave:lgbmq_lgbm_ridge_p5@91d,qave,lgbmq_lgbm_ridge_p5,lightgbm_quantile+lightgbm+ridge+persistence_5min,91d,91.0,2026-02-28 23:55:00,26198.0,2026-03-01 00:00:00 to 2026-03-31 23:55:00,True,True,variant,False
8919,0.6418881040475389,5.959014147814047,5.593491494371165,0.940688417984079,16.903160328058547,16.107955347555063,0.9838546922300706,28.783622232704595,27.6608355920077,0.9956273124789775,46.452943162502315,44.84136417582445,2.746310874855321,qave:lgbmq_lgbm_ridge_p5@all,qave,lgbmq_lgbm_ridge_p5,lightgbm_quantile+lightgbm+ridge+persistence_5min,all,,2026-02-28 23:55:00,43478.0,2026-03-01 00:00:00 to 2026-03-31 23:55:00,True,True,variant,False
8919,0.5986097096087005,7.304265706868987,5.8025264673706545,0.8935979369884516,16.536643459553243,13.20665875172702,0.9601973315394102,24.62061921698511,19.836222379029465,0.983294091265837,33.02066504814574,27.04926563723457,2.6197581672325816,lightgbm_quantile:native@none,lightgbm_quantile,native,lightgbm_quantile,none,,training window,0.0,2026-03-01 00:00:00 to 2026-03-31 23:55:00,True,True,variant,False
8919,0.49702881488956163,2.6472750150371587,2.7833124318066638,0.7956048884404081,8.915654345574561,8.937554416819864,0.8967373023881601,13.995733163043495,14.08710552418377,0.9502186343760511,20.3043756781278,20.05290409839033,2.625899660342677,conformal_absolute_2016:lightgbm,sliding_conformal,lightgbm,lightgbm,2016 steps,,,,2026-03-01 00:00:00 to 2026-03-31 23:55:00,,False,frozen_conformal_reference,False
8919,0.49848637739656915,1.2820585267406657,1.4299999999999926,0.7975109317188026,9.309281309563852,9.240000000000009,0.895952461038233,14.911534925440069,14.259999999999991,0.9492095526404305,22.435113801995737,22.749999999999986,2.7401984982621372,conformal_absolute_2016:persistence_5min,sliding_conformal,persistence_5min,persistence_5min,2016 steps,,,,2026-03-01 00:00:00 to 2026-03-31 23:55:00,,False,frozen_conformal_reference,False
