rule,late_mae,late_tail_mae,late_switch_share,detail,threshold
abs_30min_move_q90,3.635156053064067,52.711698082243515,0.03454330317951067,move_30,32.483
abs_30min_move_q80,3.633389467271991,52.86928491724209,0.08820947364403221,move_30,18.46
abs_30min_move_q95,3.6415440510828097,53.0250063232763,0.017061719912973776,move_30,44.74
abs_60min_move_q70,3.6325735103391787,53.15450987620626,0.16847971296614375,move_60,17.37
abs_30min_move_q70,3.6296325975155592,53.19148142748623,0.15916638039619832,move_30,12.01
abs_30min_move_q50,3.594854372237155,53.1952844048087,0.38089240047330053,move_30,5.89
abs_60min_move_q50,3.603668484024873,53.24640635250801,0.37215160884003207,move_60,8.77
already_in_train_tail,3.6551314786492046,53.252640692640696,0.008817130424825376,train_p05_p95,
abs_60min_move_q80,3.644309317037833,53.27287176902608,0.09286613992900493,move_60,26.13
abs_60min_move_q90,3.653237049967631,53.407061644373464,0.03408527043016909,move_60,42.273
abs_60min_move_q95,3.656605903526009,53.779144249630825,0.018092293598992327,move_60,58.6315
