model,regime,n,mae,coverage_90,mean_width,median_width,crps,switch_share
regime_switch,all,40127,4.650269634459085,0.8975502778677699,20.195895511748834,18.050555992785803,3.975204921360904,0.07635756473197598
regime_switch,body,36921,3.6532841443315864,0.9130576094905338,19.93860340905654,17.722263487893514,3.043877727822334,0.07635756473197598
regime_switch,tail,3206,16.13177346508833,0.7189644416718652,23.15892786468149,21.888078187404204,14.700573390680157,0.07635756473197598
lightgbm,all,40127,4.752878534337209,0.8977496448775139,20.894536897066054,19.18382787428733,4.032509834331489,0.0
lightgbm,body,36921,3.598754727301236,0.9167682348798787,20.570950719573467,18.65795622092446,2.983674116638729,0.0
lightgbm,tail,3206,18.044021728215917,0.678727386150967,24.62102637280024,23.744321479582737,16.111132271304157,0.0
persistence,all,40127,4.744947790764323,0.8976499613726419,21.833257407730457,19.67,4.175883828969476,1.0
persistence,body,36921,3.767365455973565,0.9115137726497116,21.579296335418867,19.260000000000005,3.2561348694934953,1.0
persistence,tail,3206,16.003000623830317,0.7379912663755459,24.757928883343734,23.390000000000015,14.767914812379544,1.0
