model,classifier,feature,gain,share,rank
hurdle_panel,up,rtp_last_complete,115368.99341773987,0.667052094472024,1
hurdle_panel,up,mcp_lag_5min,20354.42967605591,0.1176872966034638,2
hurdle_panel,up,mcp_lag_30min,6750.380202531815,0.03903002981292324,3
hurdle_panel,up,reg_raise_lag_5min,3844.035748243332,0.02222583400555842,4
hurdle_panel,up,mcp_lag_60min,2989.9231328964233,0.01728743944993316,5
hurdle_panel,up,move_30,2889.971963405609,0.016709531686515643,6
hurdle_panel,up,cr_raise_lag_5min,2838.6924896240234,0.016413038847529236,7
hurdle_panel,up,dpv_lag_5min,2816.5683767795563,0.016285119418105072,8
hurdle_panel,up,stem_price,2425.0901420116425,0.014021631034388329,9
hurdle_panel,up,demand_lag_5min,2320.456442117691,0.01341664934391026,10
hurdle_panel,up,withdrawal_lag_5min,2177.0936579704285,0.0125877399237812,11
hurdle_panel,up,move_60,1893.28932595253,0.010946811382372404,12
hurdle_panel,up,mcp_lag_1d,1771.8302550315857,0.010244547062902455,13
hurdle_panel,up,stem_imbalance,1368.2200102806091,0.00791091259894685,14
hurdle_panel,up,hour,932.1287307739258,0.005389476008765177,15
hurdle_panel,up,month,899.2388427257538,0.005199309933292509,16
hurdle_panel,up,reg_lower_lag_5min,767.608889579773,0.004438238580062001,17
hurdle_panel,up,dow,348.8459303379059,0.0020169926215561546,18
hurdle_panel,up,cr_lower_lag_5min,196.70126152038574,0.0011373072139700836,19
hurdle_panel,down,rtp_last_complete,36443.850381433964,0.28888537990596347,1
hurdle_panel,down,mcp_lag_5min,19796.94000324607,0.1569276153303173,2
hurdle_panel,down,reg_lower_lag_5min,9293.75459139049,0.07367031193977241,3
hurdle_panel,down,withdrawal_lag_5min,7543.693157926202,0.0597978161202126,4
hurdle_panel,down,dpv_lag_5min,5748.13644130528,0.04556468546045135,5
hurdle_panel,down,mcp_lag_1d,5060.053965300322,0.04011035049290924,6
hurdle_panel,down,demand_lag_5min,5006.802790209651,0.03968823576613096,7
hurdle_panel,down,stem_imbalance,4704.216193810105,0.03728967351377722,8
hurdle_panel,down,move_60,4184.356219768524,0.03316881513775297,9
hurdle_panel,down,move_30,4168.664779260755,0.03304443125117363,10
hurdle_panel,down,cr_lower_lag_5min,3852.0573324263096,0.03053472764953605,11
hurdle_panel,down,stem_price,3544.754409343004,0.02809877972548356,12
hurdle_panel,down,mcp_lag_30min,3300.820030465722,0.026165145518984103,13
hurdle_panel,down,mcp_lag_60min,3020.9244537353516,0.02394645185265997,14
hurdle_panel,down,month,2716.1283704936504,0.021530375302582117,15
hurdle_panel,down,hour,2571.5817574113607,0.02038457421961887,16
hurdle_panel,down,cr_raise_lag_5min,2460.1028528362513,0.019500896305166462,17
hurdle_panel,down,dow,1425.213655397296,0.011297472247783236,18
hurdle_panel,down,reg_raise_lag_5min,1311.2707148492336,0.010394262259724493,19
hurdle_weather,up,rtp_last_complete,114988.06086778641,0.6291624621903557,1
hurdle_weather,up,mcp_lag_5min,17901.683943510056,0.0979498868165335,2
hurdle_weather,up,mcp_lag_30min,8893.639492988586,0.04866195741552558,3
hurdle_weather,up,reg_raise_lag_5min,3103.845097064972,0.016982831163421586,4
hurdle_weather,up,cr_raise_lag_5min,2954.913071155548,0.01616794273576204,5
hurdle_weather,up,mcp_lag_60min,2830.9576802253723,0.015489715114817388,6
hurdle_weather,up,move_30,2337.2697410583496,0.012788478855888326,7
hurdle_weather,up,withdrawal_lag_5min,2092.2243254184723,0.01144770159702392,8
hurdle_weather,up,stem_price,2001.1140098571777,0.010949187316177016,9
hurdle_weather,up,move_60,1997.8636736869812,0.010931402952371294,10
hurdle_weather,up,dpv_lag_5min,1795.823600769043,0.009825931403596092,11
hurdle_weather,up,demand_lag_5min,1511.7477731704712,0.008271597451080932,12
hurdle_weather,up,wx_wind_geraldton_t,1393.3823823928833,0.007623955772999431,13
hurdle_weather,up,mcp_lag_1d,1334.1449868679047,0.007299835639648434,14
hurdle_weather,up,wx_perth_cloud_t,1249.3136155605316,0.006835676890992787,15
hurdle_weather,up,wx_wind_merredin_t,1180.6006655693054,0.006459710825693621,16
hurdle_weather,up,wx_perth_temp_d60,1109.7261519432068,0.006071917665577532,17
hurdle_weather,up,wx_wind_cf_d180,1009.9791502952576,0.00552614735969258,18
hurdle_weather,up,wx_wind_cf_d60,958.4972405433655,0.005244461723346344,19
hurdle_weather,up,wx_perth_cloud_d60,956.8901805877686,0.005235668620906662,20
hurdle_weather,up,wx_wind_albany_t,953.1307423114777,0.005215098681518924,21
hurdle_weather,up,stem_imbalance,928.355700969696,0.005079540903660701,22
hurdle_weather,up,wx_wind_badgingarra_t,902.8121912479401,0.004939778415727265,23
hurdle_weather,up,wx_merredin_ghi_t,875.4519209861755,0.004790075438964502,24
hurdle_weather,up,wx_wind_cf_t,819.727897644043,0.004485178883056838,25
hurdle_weather,up,reg_lower_lag_5min,807.4266109466553,0.004417871827278788,26
hurdle_weather,up,wx_perth_ghi_drop_30,778.1900825500488,0.004257902817860869,27
hurdle_weather,up,wx_perth_temp_max3h,777.1019399166107,0.004251948995409202,28
hurdle_weather,up,wx_perth_ghi_drop_60,766.9238514900208,0.004196259116594501,29
hurdle_weather,up,wx_perth_ghi_t,758.8432207107544,0.004152045573738257,30
hurdle_weather,up,wx_perth_ghi_drop_5,749.7742486000061,0.004102424275842863,31
hurdle_weather,up,wx_perth_temp_t,675.8575820922852,0.003697985836356755,32
hurdle_weather,up,hour,490.9993681907654,0.0026865256192119473,33
hurdle_weather,up,month,487.52357149124146,0.0026675076377533327,34
hurdle_weather,up,dow,274.0164694786072,0.0014992937120323817,35
hurdle_weather,up,cr_lower_lag_5min,115.88913917541504,0.0006340927535821359,36
hurdle_weather,down,rtp_last_complete,31597.198795184493,0.24527256592275204,1
hurdle_weather,down,mcp_lag_5min,18586.97893115878,0.14428101822406583,2
hurdle_weather,down,reg_lower_lag_5min,11542.154167577624,0.08959571977593149,3
hurdle_weather,down,withdrawal_lag_5min,4333.916503712535,0.0336419322564296,4
hurdle_weather,down,wx_wind_merredin_t,3068.535500049591,0.02381943983708204,5
hurdle_weather,down,mcp_lag_1d,2938.7485584020615,0.022811971535619584,6
hurdle_weather,down,move_30,2815.171976521611,0.021852711016285182,7
hurdle_weather,down,mcp_lag_30min,2672.9700127989054,0.020748871376967605,8
hurdle_weather,down,wx_wind_cf_d60,2658.7977351546288,0.020638859381115898,9
hurdle_weather,down,wx_perth_temp_d60,2527.5912825614214,0.01962037215692366,10
hurdle_weather,down,wx_wind_cf_d180,2459.4425315856934,0.019091368965071256,11
hurdle_weather,down,move_60,2427.5557226389647,0.018843848306668947,12
hurdle_weather,down,demand_lag_5min,2329.9252956807613,0.018085994248548395,13
hurdle_weather,down,wx_perth_ghi_drop_60,2308.0700163841248,0.017916343120079965,14
hurdle_weather,down,wx_wind_geraldton_t,2205.923225387931,0.017123430884700738,15
hurdle_weather,down,cr_lower_lag_5min,2178.123631745577,0.016907637145880155,16
hurdle_weather,down,wx_perth_cloud_d60,2118.430280700326,0.016444268811417938,17
hurdle_weather,down,dpv_lag_5min,2108.202845841646,0.01636487857157875,18
hurdle_weather,down,wx_wind_cf_t,2095.3323666602373,0.016264971757878523,19
hurdle_weather,down,wx_wind_albany_t,1973.6910545378923,0.015320733727797043,20
hurdle_weather,down,wx_perth_ghi_drop_30,1939.8186596930027,0.015057800002202961,21
hurdle_weather,down,wx_wind_badgingarra_t,1933.5188151150942,0.015008897596184184,22
hurdle_weather,down,wx_perth_temp_max3h,1898.2992403060198,0.014735506415525268,23
hurdle_weather,down,wx_perth_temp_t,1867.8703891783953,0.014499303122868472,24
hurdle_weather,down,wx_merredin_ghi_t,1861.8959906846285,0.014452926984973788,25
hurdle_weather,down,mcp_lag_60min,1790.934210062027,0.013902087711892231,26
hurdle_weather,down,wx_perth_ghi_t,1779.6990820914507,0.013814875276268549,27
hurdle_weather,down,stem_imbalance,1706.2237682044506,0.013244524756089188,28
hurdle_weather,down,month,1561.8928649276495,0.01212415926995487,29
hurdle_weather,down,wx_perth_cloud_t,1512.1448022127151,0.011737991019064304,30
hurdle_weather,down,stem_price,1504.4135908782482,0.011677977659842576,31
hurdle_weather,down,cr_raise_lag_5min,1449.5137589871883,0.01125181891317861,32
hurdle_weather,down,wx_perth_ghi_drop_5,1205.3535568267107,0.009356530673600708,33
hurdle_weather,down,reg_raise_lag_5min,724.681982383132,0.005625328069404246,34
hurdle_weather,down,dow,594.0576618164778,0.004611359632360955,35
hurdle_weather,down,hour,547.760107010603,0.004251975873794459,36
hurdle_weather_predispatch,up,rtp_last_complete,118150.41242265701,0.6283102289005841,1
hurdle_weather_predispatch,up,mcp_lag_5min,18077.11864900589,0.09613202631565122,2
hurdle_weather_predispatch,up,mcp_lag_30min,5014.66946554184,0.026667432259856915,3
hurdle_weather_predispatch,up,move_30,2650.7405767440796,0.01409633182296669,4
hurdle_weather_predispatch,up,reg_raise_lag_5min,2641.833237171173,0.014048963621271993,5
hurdle_weather_predispatch,up,pd_energy_req_minus_last_demand,2606.5121002197266,0.01386112989993378,6
hurdle_weather_predispatch,up,mcp_lag_60min,2573.1222410202026,0.01368356649032364,7
hurdle_weather_predispatch,up,cr_raise_lag_5min,2171.8898663520813,0.011549859125272507,8
hurdle_weather_predispatch,up,pd_headroom,1957.3674364089966,0.01040905365284064,9
hurdle_weather_predispatch,up,pd_run_age_min,1697.7496151924133,0.009028436105000565,10
hurdle_weather_predispatch,up,withdrawal_lag_5min,1695.5987350940704,0.009016997973391738,11
hurdle_weather_predispatch,up,pd_cont_raise_margin,1681.0226607322693,0.008939484095691732,12
hurdle_weather_predispatch,up,move_60,1536.3110103607178,0.008169924275246323,13
hurdle_weather_predispatch,up,dpv_lag_5min,1532.5236921310425,0.00814978375491285,14
hurdle_weather_predispatch,up,stem_price,1169.3362665176392,0.006218395028950081,15
hurdle_weather_predispatch,up,pd_price_minus_last,1122.2477598190308,0.0059679837962194554,16
hurdle_weather_predispatch,up,wx_perth_cloud_t,1038.8489515781403,0.005524478579255683,17
hurdle_weather_predispatch,up,mcp_lag_1d,1001.2630319595337,0.005324601005620763,18
hurdle_weather_predispatch,up,wx_wind_geraldton_t,971.7572679519653,0.005167692765037027,19
hurdle_weather_predispatch,up,wx_perth_temp_d60,969.4756631851196,0.005155559454759707,20
hurdle_weather_predispatch,up,wx_wind_cf_d60,870.629472732544,0.004629906845718972,21
hurdle_weather_predispatch,up,demand_lag_5min,868.7533633708954,0.004619929913110027,22
hurdle_weather_predispatch,up,pd_energy_req_ramp30,847.570671081543,0.004507282805341646,23
hurdle_weather_predispatch,up,wx_wind_merredin_t,843.0623302459717,0.004483307970177918,24
hurdle_weather_predispatch,up,pd_price_max2h,815.3474721908569,0.004335923560326996,25
hurdle_weather_predispatch,up,wx_perth_cloud_d60,797.2280292510986,0.004239566458328024,26
hurdle_weather_predispatch,up,pd_available_cap,772.996265411377,0.004110704740686818,27
hurdle_weather_predispatch,up,wx_merredin_ghi_t,772.7677755355835,0.004109489657952721,28
hurdle_weather_predispatch,up,pd_cont_raise_price,758.1734719276428,0.004031878839229997,29
hurdle_weather_predispatch,up,pd_price_next,738.3890829086304,0.003926667746536341,30
hurdle_weather_predispatch,up,wx_wind_cf_d180,726.8112773895264,0.0038650983157852074,31
hurdle_weather_predispatch,up,pd_price_t,703.4283509254456,0.0037407506171376927,32
hurdle_weather_predispatch,up,wx_perth_ghi_drop_60,672.7157683372498,0.003577424654913485,33
hurdle_weather_predispatch,up,stem_imbalance,662.22026014328,0.0035216107561672756,34
hurdle_weather_predispatch,up,reg_lower_lag_5min,656.9481172561646,0.003493574110028875,35
hurdle_weather_predispatch,up,wx_wind_albany_t,633.588481426239,0.0033693502682801833,36
hurdle_weather_predispatch,up,wx_perth_temp_t,618.8802614212036,0.0032911336553324,37
hurdle_weather_predispatch,up,pd_energy_req_t,564.9430980682373,0.003004302058576571,38
hurdle_weather_predispatch,up,wx_wind_badgingarra_t,529.8848700523376,0.002817866456551582,39
hurdle_weather_predispatch,up,wx_wind_cf_t,520.888509273529,0.0027700248503794013,40
hurdle_weather_predispatch,up,wx_perth_ghi_drop_5,510.78109788894653,0.002716274805581237,41
hurdle_weather_predispatch,up,pd_reg_raise_price,508.4954662322998,0.0027041200807696735,42
hurdle_weather_predispatch,up,wx_perth_temp_max3h,495.7819085121155,0.002636510851165512,43
hurdle_weather_predispatch,up,wx_perth_ghi_drop_30,479.4504919052124,0.002549662266415364,44
hurdle_weather_predispatch,up,wx_perth_ghi_t,477.13196182250977,0.0025373325915788126,45
hurdle_weather_predispatch,up,hour,451.667977809906,0.002401918069567277,46
hurdle_weather_predispatch,up,month,285.7553400993347,0.0015196138503952216,47
hurdle_weather_predispatch,up,dow,134.65621042251587,0.0007160861537308674,48
hurdle_weather_predispatch,up,cr_lower_lag_5min,65.95820903778076,0.0003507581274464809,49
hurdle_weather_predispatch,up,pd_energy_deficit,0.0,0.0,50
hurdle_weather_predispatch,down,rtp_last_complete,32664.10088069737,0.2525195244786736,1
hurdle_weather_predispatch,down,mcp_lag_5min,17563.439543306828,0.13577938109745036,2
hurdle_weather_predispatch,down,reg_lower_lag_5min,11049.73521193862,0.08542325691208262,3
hurdle_weather_predispatch,down,pd_energy_req_minus_last_demand,3911.807778470218,0.030241390806352006,4
hurdle_weather_predispatch,down,withdrawal_lag_5min,3704.651410371065,0.028639907031972653,5
hurdle_weather_predispatch,down,move_30,2398.8274827450514,0.018544847674258753,6
hurdle_weather_predispatch,down,pd_run_age_min,2373.293477267027,0.0183474494680477,7
hurdle_weather_predispatch,down,wx_wind_merredin_t,2136.6134784072638,0.016517724505344104,8
hurdle_weather_predispatch,down,mcp_lag_1d,2032.4338779374957,0.01571233319005613,9
hurdle_weather_predispatch,down,move_60,2026.2568011283875,0.015664579464821155,10
hurdle_weather_predispatch,down,wx_wind_cf_d60,1961.9585808739066,0.015167502993535783,11
hurdle_weather_predispatch,down,pd_cont_raise_margin,1917.1482443138957,0.014821083389910627,12
hurdle_weather_predispatch,down,mcp_lag_30min,1903.9326233416796,0.014718916110432056,13
hurdle_weather_predispatch,down,cr_lower_lag_5min,1864.0733846500516,0.014410772438048293,14
hurdle_weather_predispatch,down,wx_wind_cf_t,1775.6032334417105,0.013726827681837703,15
hurdle_weather_predispatch,down,pd_headroom,1756.0318001806736,0.01357552490946096,16
hurdle_weather_predispatch,down,wx_perth_temp_d60,1680.5964498519897,0.012992349549347552,17
hurdle_weather_predispatch,down,wx_wind_cf_d180,1665.01297365129,0.012871876862396879,18
hurdle_weather_predispatch,down,wx_wind_geraldton_t,1654.2351019605994,0.012788555327107548,19
hurdle_weather_predispatch,down,wx_perth_temp_t,1628.4347572773695,0.012589098106638174,20
hurdle_weather_predispatch,down,wx_wind_albany_t,1627.7415808439255,0.012583739300528909,21
hurdle_weather_predispatch,down,dpv_lag_5min,1623.9608323723078,0.012554511102584218,22
hurdle_weather_predispatch,down,wx_perth_cloud_d60,1543.1143066361547,0.011929503045291862,23
hurdle_weather_predispatch,down,wx_perth_ghi_drop_60,1469.4080412834883,0.011359694889667623,24
hurdle_weather_predispatch,down,pd_energy_req_ramp30,1435.7639455497265,0.011099599224177407,25
hurdle_weather_predispatch,down,wx_wind_badgingarra_t,1417.646254889667,0.010959535040355543,26
hurdle_weather_predispatch,down,wx_merredin_ghi_t,1402.8147645369172,0.010844875803143854,27
hurdle_weather_predispatch,down,mcp_lag_60min,1301.5003070533276,0.010061634325902107,28
hurdle_weather_predispatch,down,demand_lag_5min,1290.3823358342052,0.009975683550288399,29
hurdle_weather_predispatch,down,wx_perth_ghi_drop_30,1269.428843677044,0.009813696361508292,30
hurdle_weather_predispatch,down,pd_price_max2h,1197.2691001296043,0.009255844051608328,31
hurdle_weather_predispatch,down,wx_perth_temp_max3h,1159.4723238497972,0.008963644856906358,32
hurdle_weather_predispatch,down,stem_imbalance,1157.4652194827795,0.008948128341016649,33
hurdle_weather_predispatch,down,cr_raise_lag_5min,1153.2967605888844,0.008915902832604834,34
hurdle_weather_predispatch,down,pd_available_cap,1143.6714360713959,0.008841491405240383,35
hurdle_weather_predispatch,down,wx_perth_ghi_t,1139.6376134604216,0.008810306742565143,36
hurdle_weather_predispatch,down,pd_price_minus_last,1138.5267262980342,0.008801718699715896,37
hurdle_weather_predispatch,down,wx_perth_cloud_t,1127.3882696256042,0.008715609555226619,38
hurdle_weather_predispatch,down,pd_price_next,1094.9317593351007,0.008464694871405077,39
hurdle_weather_predispatch,down,stem_price,1087.972120091319,0.008410891315054276,40
hurdle_weather_predispatch,down,pd_price_t,979.0351844727993,0.007568722008725426,41
hurdle_weather_predispatch,down,pd_energy_req_t,943.1158699095249,0.007291037088933925,42
hurdle_weather_predispatch,down,month,867.6484163552523,0.006707613545308914,43
hurdle_weather_predispatch,down,wx_perth_ghi_drop_5,843.1747010052204,0.006518412226558746,44
hurdle_weather_predispatch,down,pd_cont_raise_price,684.2276201248169,0.005289624652463553,45
hurdle_weather_predispatch,down,reg_raise_lag_5min,465.6483344063163,0.003599832623834921,46
hurdle_weather_predispatch,down,pd_reg_raise_price,426.48714120686054,0.003297085399263745,47
hurdle_weather_predispatch,down,dow,395.9170751273632,0.003060754432191631,48
hurdle_weather_predispatch,down,hour,297.9396288320422,0.0023033107101527403,49
hurdle_weather_predispatch,down,pd_energy_deficit,0.0,0.0,50
hurdle_weather_predispatch_all,up,rtp_last_complete,112443.6208782196,0.5834907741785521,1
hurdle_weather_predispatch_all,up,mcp_lag_5min,19169.496354579926,0.09947406692515501,2
hurdle_weather_predispatch_all,up,mcp_lag_30min,5695.527039766312,0.02955514466567525,3
hurdle_weather_predispatch_all,up,reg_raise_lag_5min,3763.7102489471436,0.019530589550476703,4
hurdle_weather_predispatch_all,up,pda_price_t,3157.677448272705,0.016385773105743913,5
hurdle_weather_predispatch_all,up,pda_headroom,2748.6233959198,0.014263115868062386,6
hurdle_weather_predispatch_all,up,pda_energy_req_minus_last_demand,2648.08039021492,0.013741379590105665,7
hurdle_weather_predispatch_all,up,mcp_lag_60min,2326.918132543564,0.012074809153277178,8
hurdle_weather_predispatch_all,up,cr_raise_lag_5min,2297.8740618228912,0.011924094091117662,9
hurdle_weather_predispatch_all,up,move_30,2213.954322576523,0.011488619021573627,10
hurdle_weather_predispatch_all,up,pda_price_minus_last,1769.7594532966614,0.00918360957650291,11
hurdle_weather_predispatch_all,up,pda_cont_raise_margin,1705.5327134132385,0.008850325127951307,12
hurdle_weather_predispatch_all,up,withdrawal_lag_5min,1652.446991443634,0.008574853484758503,13
hurdle_weather_predispatch_all,up,dpv_lag_5min,1564.7735810279846,0.008119899920307696,14
hurdle_weather_predispatch_all,up,move_60,1527.0798153877258,0.007924299989219032,15
hurdle_weather_predispatch_all,up,stem_price,1293.1893229484558,0.006710598905596001,16
hurdle_weather_predispatch_all,up,pda_price_change_1h,1124.0648789405823,0.005832980842464185,17
hurdle_weather_predispatch_all,up,mcp_lag_1d,1102.450923204422,0.005720822023074939,18
hurdle_weather_predispatch_all,up,wx_perth_cloud_t,1089.3555042743683,0.005652867468872481,19
hurdle_weather_predispatch_all,up,wx_perth_temp_d60,1005.2308654785156,0.005216329137617168,20
hurdle_weather_predispatch_all,up,pda_rev_energy_req_t,965.9574646949768,0.0050125321872091936,21
hurdle_weather_predispatch_all,up,demand_lag_5min,941.9780116081238,0.00488809836395852,22
hurdle_weather_predispatch_all,up,pda_rev_headroom_t,926.2290005683899,0.004806373828832838,23
hurdle_weather_predispatch_all,up,pda_price_next,884.6412177085876,0.0045905671211894,24
hurdle_weather_predispatch_all,up,pda_available_cap,869.799925327301,0.004513552906299024,25
hurdle_weather_predispatch_all,up,pda_rev_price_max2h,865.5319709777832,0.00449140570072072,26
hurdle_weather_predispatch_all,up,wx_perth_cloud_d60,858.6550369262695,0.004455720016265232,27
hurdle_weather_predispatch_all,up,wx_wind_cf_d60,857.2513146400452,0.0044484358413416246,28
hurdle_weather_predispatch_all,up,wx_wind_geraldton_t,803.9219961166382,0.004171700130515145,29
hurdle_weather_predispatch_all,up,pda_energy_req_ramp30,797.0858905315399,0.00413622631253364,30
hurdle_weather_predispatch_all,up,pda_price_max2h,783.778470993042,0.004067171647909789,31
hurdle_weather_predispatch_all,up,reg_lower_lag_5min,783.4386792182922,0.0040654084054585074,32
hurdle_weather_predispatch_all,up,wx_wind_merredin_t,767.2990686893463,0.0039816569772412125,33
hurdle_weather_predispatch_all,up,pda_rev_price_t,748.7618741989136,0.003885464041796387,34
hurdle_weather_predispatch_all,up,pda_energy_req_change_1h,747.0502696037292,0.0038765822085493652,35
hurdle_weather_predispatch_all,up,pda_cont_raise_price,744.131872177124,0.0038614381037925926,36
hurdle_weather_predispatch_all,up,wx_perth_temp_t,667.4064774513245,0.0034632958204148835,37
hurdle_weather_predispatch_all,up,pda_reg_raise_price,653.7908387184143,0.0033926417493066125,38
hurdle_weather_predispatch_all,up,wx_wind_cf_d180,621.237247467041,0.0032237151351225328,39
hurdle_weather_predispatch_all,up,wx_wind_albany_t,606.6359097957611,0.003147946089663878,40
hurdle_weather_predispatch_all,up,wx_wind_badgingarra_t,604.017059803009,0.0031343563920199057,41
hurdle_weather_predispatch_all,up,stem_imbalance,602.4350309371948,0.003126146951231028,42
hurdle_weather_predispatch_all,up,wx_perth_ghi_drop_60,596.9690184593201,0.0030977828001349074,43
hurdle_weather_predispatch_all,up,wx_wind_cf_t,582.2053995132446,0.003021171647085572,44
hurdle_weather_predispatch_all,up,pda_energy_req_t,568.7091307640076,0.0029511370089308387,45
hurdle_weather_predispatch_all,up,wx_perth_ghi_t,551.2042288780212,0.0028603008309991814,46
hurdle_weather_predispatch_all,up,wx_perth_ghi_drop_5,533.3108530044556,0.0027674487895975423,47
hurdle_weather_predispatch_all,up,wx_perth_temp_max3h,455.53818225860596,0.0023638719969880516,48
hurdle_weather_predispatch_all,up,cr_lower_lag_5min,398.3316898345947,0.002067016912708287,49
hurdle_weather_predispatch_all,up,wx_merredin_ghi_t,387.0857925415039,0.00200865986882596,50
hurdle_weather_predispatch_all,up,wx_perth_ghi_drop_30,360.29047870635986,0.0018696140226328838,51
hurdle_weather_predispatch_all,up,month,356.0991826057434,0.001847864610905838,52
hurdle_weather_predispatch_all,up,hour,329.4078392982483,0.0017093582870368904,53
hurdle_weather_predispatch_all,up,dow,188.92844009399414,0.0009803846666782679,54
hurdle_weather_predispatch_all,up,pda_energy_deficit,0.0,0.0,55
hurdle_weather_predispatch_all,down,rtp_last_complete,29720.886941432953,0.22885511135002212,1
hurdle_weather_predispatch_all,down,mcp_lag_5min,20009.267891600728,0.15407424550917276,2
hurdle_weather_predispatch_all,down,reg_lower_lag_5min,11382.80183288455,0.08764921403837594,3
hurdle_weather_predispatch_all,down,pda_energy_req_minus_last_demand,3640.0037002265453,0.02802855290864597,4
hurdle_weather_predispatch_all,down,withdrawal_lag_5min,3464.2194924354553,0.026674989183348013,5
hurdle_weather_predispatch_all,down,move_30,2282.3489054590464,0.01757441539102493,6
hurdle_weather_predispatch_all,down,wx_wind_merredin_t,1997.119203209877,0.015378105590540219,7
hurdle_weather_predispatch_all,down,mcp_lag_1d,1995.476531535387,0.015365456781986229,8
hurdle_weather_predispatch_all,down,wx_wind_cf_d60,1918.607855334878,0.014773556900739006,9
hurdle_weather_predispatch_all,down,move_60,1858.3337974399328,0.014309437971238436,10
hurdle_weather_predispatch_all,down,pda_cont_raise_margin,1781.6783874183893,0.013719180270294598,11
hurdle_weather_predispatch_all,down,mcp_lag_30min,1726.0959178507328,0.013291187246833302,12
hurdle_weather_predispatch_all,down,wx_wind_cf_t,1721.6494421809912,0.013256948743570626,13
hurdle_weather_predispatch_all,down,wx_wind_cf_d180,1691.533679291606,0.013025053030531423,14
hurdle_weather_predispatch_all,down,cr_lower_lag_5min,1640.9857870936394,0.012635826978150471,15
hurdle_weather_predispatch_all,down,wx_perth_temp_d60,1623.6121453791857,0.012502047433921129,16
hurdle_weather_predispatch_all,down,wx_wind_geraldton_t,1563.283785611391,0.012037510372176324,17
hurdle_weather_predispatch_all,down,dpv_lag_5min,1561.5949106812477,0.01202450579189728,18
hurdle_weather_predispatch_all,down,pda_headroom,1552.477849021554,0.011954303103618637,19
hurdle_weather_predispatch_all,down,wx_perth_cloud_d60,1519.3333124890924,0.011699085397171021,20
hurdle_weather_predispatch_all,down,wx_perth_ghi_drop_60,1464.0475447252393,0.01127337702034497,21
hurdle_weather_predispatch_all,down,pda_price_change_1h,1383.708240441978,0.01065475280284567,22
hurdle_weather_predispatch_all,down,mcp_lag_60min,1379.81560587883,0.010624778955895892,23
hurdle_weather_predispatch_all,down,demand_lag_5min,1367.2692490071058,0.010528170200424576,24
hurdle_weather_predispatch_all,down,wx_wind_albany_t,1339.4206737428904,0.01031373215873388,25
hurdle_weather_predispatch_all,down,pda_rev_headroom_t,1325.110508158803,0.010203541822064684,26
hurdle_weather_predispatch_all,down,pda_rev_price_max2h,1315.3109264671803,0.010128083631209232,27
hurdle_weather_predispatch_all,down,pda_rev_energy_req_t,1305.7371670007706,0.010054364304022225,28
hurdle_weather_predispatch_all,down,wx_merredin_ghi_t,1274.0504933595657,0.009810372351872224,29
hurdle_weather_predispatch_all,down,stem_imbalance,1259.3714057952166,0.009697341262804264,30
hurdle_weather_predispatch_all,down,pda_energy_req_ramp30,1211.5428599566221,0.009329054569167878,31
hurdle_weather_predispatch_all,down,wx_perth_ghi_t,1208.7515611201525,0.009307561165983436,32
hurdle_weather_predispatch_all,down,pda_energy_req_change_1h,1185.0861436724663,0.009125334042149363,33
hurdle_weather_predispatch_all,down,wx_perth_temp_t,1171.2319040223956,0.009018654400857543,34
hurdle_weather_predispatch_all,down,pda_price_next,1148.9068600386381,0.008846748345803903,35
hurdle_weather_predispatch_all,down,pda_available_cap,1146.873211979866,0.008831088962762806,36
hurdle_weather_predispatch_all,down,wx_wind_badgingarra_t,1146.0364823639393,0.008824646024172173,37
hurdle_weather_predispatch_all,down,wx_perth_ghi_drop_30,1139.7417433410883,0.008776175626810458,38
hurdle_weather_predispatch_all,down,pda_rev_price_t,1138.4957098141313,0.008766580989136302,39
hurdle_weather_predispatch_all,down,month,1114.2513548880816,0.008579895963311058,40
hurdle_weather_predispatch_all,down,pda_price_minus_last,1020.1325107514858,0.00785516730371684,41
hurdle_weather_predispatch_all,down,cr_raise_lag_5min,995.1926419436932,0.0076631267207991904,42
hurdle_weather_predispatch_all,down,wx_perth_temp_max3h,994.6506987810135,0.007658953680368573,43
hurdle_weather_predispatch_all,down,stem_price,989.3081692904234,0.007617815433590503,44
hurdle_weather_predispatch_all,down,wx_perth_cloud_t,926.7833483815193,0.007136365304614051,45
hurdle_weather_predispatch_all,down,pda_price_max2h,859.5299754142761,0.006618504643543855,46
hurdle_weather_predispatch_all,down,pda_energy_req_t,777.8339170962572,0.005989433224508785,47
hurdle_weather_predispatch_all,down,pda_price_t,746.2411165684462,0.0057461641088562545,48
hurdle_weather_predispatch_all,down,wx_perth_ghi_drop_5,706.3245281726122,0.005438800627408243,49
hurdle_weather_predispatch_all,down,pda_cont_raise_price,635.5217669010162,0.004893609165032629,50
hurdle_weather_predispatch_all,down,reg_raise_lag_5min,472.62007331848145,0.003639242655129922,51
hurdle_weather_predispatch_all,down,hour,401.2738280147314,0.0030898662874067426,52
hurdle_weather_predispatch_all,down,dow,378.46645617485046,0.002914246238371771,53
hurdle_weather_predispatch_all,down,pda_reg_raise_price,287.7499424368143,0.0022157160130216683,54
hurdle_weather_predispatch_all,down,pda_energy_deficit,0.0,0.0,55
hurdle_weather_predispatch_half,up,rtp_last_complete,121407.40062427521,0.6559526307849172,1
hurdle_weather_predispatch_half,up,mcp_lag_5min,12821.516922950745,0.06927343566386554,2
hurdle_weather_predispatch_half,up,mcp_lag_30min,5648.532296657562,0.03051848240728462,3
hurdle_weather_predispatch_half,up,reg_raise_lag_5min,2499.315384864807,0.013503563155403612,4
hurdle_weather_predispatch_half,up,pdh_energy_req_minus_last_demand,2172.983787059784,0.011740424590639299,5
hurdle_weather_predispatch_half,up,mcp_lag_60min,2150.8101115226746,0.011620622332062404,6
hurdle_weather_predispatch_half,up,pdh_headroom,1937.8389029502869,0.010469959161397598,7
hurdle_weather_predispatch_half,up,pdh_price_t,1903.7597270011902,0.010285832617184918,8
hurdle_weather_predispatch_half,up,cr_raise_lag_5min,1681.3611063957214,0.009084234036546788,9
hurdle_weather_predispatch_half,up,pdh_cont_raise_margin,1630.4801983833313,0.00880932933307866,10
hurdle_weather_predispatch_half,up,move_30,1626.3313641548157,0.008786913576601774,11
hurdle_weather_predispatch_half,up,withdrawal_lag_5min,1586.054988861084,0.008569304154140246,12
hurdle_weather_predispatch_half,up,pdh_price_minus_last,1520.1607103347778,0.00821328363866302,13
hurdle_weather_predispatch_half,up,pdh_price_change_1h,1265.5636777877808,0.006837720102745887,14
hurdle_weather_predispatch_half,up,dpv_lag_5min,1242.4219737052917,0.006712687678069137,15
hurdle_weather_predispatch_half,up,move_60,986.098132610321,0.005327794359914011,16
hurdle_weather_predispatch_half,up,wx_perth_cloud_t,876.8470482826233,0.0047375211491182505,17
hurdle_weather_predispatch_half,up,stem_price,830.2164602279663,0.0044855805198632,18
hurdle_weather_predispatch_half,up,demand_lag_5min,826.4328680038452,0.004465138131174636,19
hurdle_weather_predispatch_half,up,pdh_rev30_headroom_t,809.6901173591614,0.004374678642910456,20
hurdle_weather_predispatch_half,up,pdh_energy_req_change_1h,770.7435617446899,0.004164254109612149,21
hurdle_weather_predispatch_half,up,wx_wind_geraldton_t,762.0416197776794,0.004117238345360156,22
hurdle_weather_predispatch_half,up,wx_perth_temp_d60,756.4230875968933,0.004086881950723703,23
hurdle_weather_predispatch_half,up,mcp_lag_1d,731.476438999176,0.003952097582614371,24
hurdle_weather_predispatch_half,up,pdh_rev30_energy_req_t,722.6096787452698,0.0039041913208446417,25
hurdle_weather_predispatch_half,up,pdh_rev60_headroom_t,710.8576579093933,0.0038406962707513695,26
hurdle_weather_predispatch_half,up,pdh_energy_req_ramp30,693.7392430305481,0.0037482071043833595,27
hurdle_weather_predispatch_half,up,pdh_price_max2h,689.8294363021851,0.0037270827907406744,28
hurdle_weather_predispatch_half,up,pdh_available_cap,688.0851473808289,0.0037176585637089675,29
hurdle_weather_predispatch_half,up,pdh_cont_raise_price,655.08061170578,0.003539338198619509,30
hurdle_weather_predispatch_half,up,pdh_price_next,651.9607334136963,0.0035224817931376515,31
hurdle_weather_predispatch_half,up,pdh_rev60_price_t,648.0990219116211,0.0035016173334252005,32
hurdle_weather_predispatch_half,up,wx_wind_merredin_t,644.4982261657715,0.003482162576711326,33
hurdle_weather_predispatch_half,up,wx_wind_cf_d60,606.3438906669617,0.003276018333299442,34
hurdle_weather_predispatch_half,up,pdh_rev60_energy_req_t,579.9575896263123,0.0031334556600579556,35
hurdle_weather_predispatch_half,up,pdh_rev30_price_t,560.4079294204712,0.0030278307065787313,36
hurdle_weather_predispatch_half,up,wx_perth_ghi_t,553.7135910987854,0.002991661833751418,37
hurdle_weather_predispatch_half,up,wx_wind_albany_t,546.3511648178101,0.002951883345264447,38
hurdle_weather_predispatch_half,up,wx_wind_cf_d180,523.9769468307495,0.0028309975749168273,39
hurdle_weather_predispatch_half,up,pdh_rev30_price_max2h,500.86293840408325,0.0027061147872325902,40
hurdle_weather_predispatch_half,up,wx_perth_cloud_d60,494.43894958496094,0.0026714065870374728,41
hurdle_weather_predispatch_half,up,pdh_rev60_price_max2h,486.25832986831665,0.0026272074772880558,42
hurdle_weather_predispatch_half,up,reg_lower_lag_5min,474.83540630340576,0.002565490508428415,43
hurdle_weather_predispatch_half,up,wx_perth_temp_t,469.3671226501465,0.002535945892286486,44
hurdle_weather_predispatch_half,up,pdh_reg_raise_price,457.7233476638794,0.0024730356842164983,45
hurdle_weather_predispatch_half,up,wx_perth_temp_max3h,455.8016061782837,0.0024626526978690174,46
hurdle_weather_predispatch_half,up,stem_imbalance,439.93990993499756,0.002376953462682407,47
hurdle_weather_predispatch_half,up,wx_wind_cf_t,433.3196110725403,0.0023411846180066984,48
hurdle_weather_predispatch_half,up,wx_wind_badgingarra_t,420.5659098625183,0.0022722775841855164,49
hurdle_weather_predispatch_half,up,wx_perth_ghi_drop_60,411.93859100341797,0.0022256650014834066,50
hurdle_weather_predispatch_half,up,wx_perth_ghi_drop_5,393.1837468147278,0.0021243343632992902,51
hurdle_weather_predispatch_half,up,wx_merredin_ghi_t,373.78288078308105,0.0020195133305819495,52
hurdle_weather_predispatch_half,up,pdh_energy_req_t,289.49345779418945,0.0015641056003068067,53
hurdle_weather_predispatch_half,up,wx_perth_ghi_drop_30,275.99228954315186,0.0014911600732022002,54
hurdle_weather_predispatch_half,up,hour,244.33075094223022,0.0013200957934862885,55
hurdle_weather_predispatch_half,up,month,206.737229347229,0.0011169815742219646,56
hurdle_weather_predispatch_half,up,dow,178.39899826049805,0.0009638728087138483,57
hurdle_weather_predispatch_half,up,cr_lower_lag_5min,158.6388716697693,0.000857110725387934,58
hurdle_weather_predispatch_half,up,pdh_energy_deficit,0.0,0.0,59
hurdle_weather_predispatch_half,down,rtp_last_complete,31242.262763418257,0.24065281915333786,1
hurdle_weather_predispatch_half,down,mcp_lag_5min,17668.096689663827,0.13609376854802924,2
hurdle_weather_predispatch_half,down,reg_lower_lag_5min,11448.929373003542,0.08818878295610709,3
hurdle_weather_predispatch_half,down,pdh_energy_req_minus_last_demand,3253.16862321645,0.02505849868450966,4
hurdle_weather_predispatch_half,down,withdrawal_lag_5min,3207.4361032024026,0.024706230350051706,5
hurdle_weather_predispatch_half,down,wx_wind_merredin_t,2203.6530712246895,0.016974293060715243,6
hurdle_weather_predispatch_half,down,move_30,2050.4863409250975,0.015794480774831282,7
hurdle_weather_predispatch_half,down,cr_lower_lag_5min,1906.9488866999745,0.014688840851278267,8
hurdle_weather_predispatch_half,down,mcp_lag_1d,1802.0076284334064,0.01388049960408414,9
hurdle_weather_predispatch_half,down,mcp_lag_30min,1649.4196408390999,0.012705145255982922,10
hurdle_weather_predispatch_half,down,move_60,1637.763938345015,0.012615363741575507,11
hurdle_weather_predispatch_half,down,pdh_headroom,1625.6030880212784,0.012521691175799134,12
hurdle_weather_predispatch_half,down,wx_wind_cf_d60,1584.9895221814513,0.01220885310804342,13
hurdle_weather_predispatch_half,down,wx_wind_cf_t,1566.4821816012263,0.012066294813870273,14
hurdle_weather_predispatch_half,down,pdh_rev60_energy_req_t,1552.0071589127183,0.011954796647310558,15
hurdle_weather_predispatch_half,down,pdh_cont_raise_margin,1549.6244748607278,0.011936443314883733,16
hurdle_weather_predispatch_half,down,wx_wind_cf_d180,1511.566945180297,0.011643293875710222,17
hurdle_weather_predispatch_half,down,wx_perth_temp_d60,1509.6889411583543,0.0116288279912868,18
hurdle_weather_predispatch_half,down,dpv_lag_5min,1461.6440091580153,0.011258747615884216,19
hurdle_weather_predispatch_half,down,wx_wind_albany_t,1401.8627803102136,0.010798264924101738,20
hurdle_weather_predispatch_half,down,pdh_rev30_headroom_t,1390.4687652885914,0.010710499135266512,21
hurdle_weather_predispatch_half,down,wx_perth_temp_max3h,1387.4002981111407,0.010686863354390945,22
hurdle_weather_predispatch_half,down,wx_perth_cloud_d60,1327.8708881437778,0.010228320372416062,23
hurdle_weather_predispatch_half,down,pdh_energy_req_change_1h,1320.8413636088371,0.010174173369382023,24
hurdle_weather_predispatch_half,down,pdh_rev30_energy_req_t,1320.7588293850422,0.010173537624980815,25
hurdle_weather_predispatch_half,down,wx_wind_geraldton_t,1279.289556182921,0.009854108216813373,26
hurdle_weather_predispatch_half,down,wx_perth_ghi_drop_30,1214.6983843892813,0.00935657550920304,27
hurdle_weather_predispatch_half,down,demand_lag_5min,1204.0130090117455,0.0092742682279479,28
hurdle_weather_predispatch_half,down,pdh_energy_req_ramp30,1203.4983506947756,0.009270303919222333,29
hurdle_weather_predispatch_half,down,wx_perth_ghi_drop_60,1202.1773973405361,0.009260128883211816,30
hurdle_weather_predispatch_half,down,wx_merredin_ghi_t,1200.539347499609,0.009247511317220587,31
hurdle_weather_predispatch_half,down,wx_wind_badgingarra_t,1193.9015648886561,0.009196381822844678,32
hurdle_weather_predispatch_half,down,pdh_rev60_headroom_t,1188.402623102069,0.009154024588564843,33
hurdle_weather_predispatch_half,down,wx_perth_temp_t,1157.3821212723851,0.00891507994894656,34
hurdle_weather_predispatch_half,down,pdh_rev60_price_max2h,1142.992688022554,0.00880424106048918,35
hurdle_weather_predispatch_half,down,pdh_rev30_price_max2h,1110.8182629197836,0.008556407983728627,36
hurdle_weather_predispatch_half,down,pdh_rev60_price_t,1080.1523825228214,0.008320194921146325,37
hurdle_weather_predispatch_half,down,pdh_available_cap,1068.0938570648432,0.008227310543075841,38
hurdle_weather_predispatch_half,down,month,1039.028910189867,0.008003429147001195,39
hurdle_weather_predispatch_half,down,stem_price,1027.8490656390786,0.007917313069903426,40
hurdle_weather_predispatch_half,down,pdh_price_next,1021.559713922441,0.007868867468100602,41
hurdle_weather_predispatch_half,down,stem_imbalance,1000.5220462158322,0.007706818576816883,42
hurdle_weather_predispatch_half,down,pdh_price_change_1h,998.6413060501218,0.007692331616432469,43
hurdle_weather_predispatch_half,down,pdh_price_minus_last,986.5605663135648,0.00759927612627558,44
hurdle_weather_predispatch_half,down,cr_raise_lag_5min,972.1400293335319,0.007488197652087298,45
hurdle_weather_predispatch_half,down,mcp_lag_60min,968.3962237685919,0.007459359876463065,46
hurdle_weather_predispatch_half,down,pdh_rev30_price_t,960.1223630383611,0.007395628003868243,47
hurdle_weather_predispatch_half,down,pdh_price_max2h,921.0848092213273,0.00709492963736198,48
hurdle_weather_predispatch_half,down,wx_perth_ghi_t,918.2145130634308,0.007072820327692784,49
hurdle_weather_predispatch_half,down,wx_perth_cloud_t,902.102730974555,0.006948714535143973,50
hurdle_weather_predispatch_half,down,pdh_cont_raise_price,742.1385204792023,0.0057165426367493544,51
hurdle_weather_predispatch_half,down,pdh_energy_req_t,736.6490665897727,0.005674258485818702,52
hurdle_weather_predispatch_half,down,wx_perth_ghi_drop_5,735.081758402288,0.005662185828448892,53
hurdle_weather_predispatch_half,down,pdh_price_t,657.9654459282756,0.005068174500264599,54
hurdle_weather_predispatch_half,down,reg_raise_lag_5min,486.17069908976555,0.003744874377751384,55
hurdle_weather_predispatch_half,down,pdh_reg_raise_price,424.9070598334074,0.003272972978986546,56
hurdle_weather_predispatch_half,down,dow,273.94038201868534,0.0021101072515762325,57
hurdle_weather_predispatch_half,down,hour,222.94895952939987,0.0017173306570123486,58
hurdle_weather_predispatch_half,down,pdh_energy_deficit,0.0,0.0,59
hurdle_panel_path,up,rtp_last_complete,116245.06825041771,0.6411619090022532,1
hurdle_panel_path,up,mcp_lag_5min,16208.592628479004,0.08940019863490514,2
hurdle_panel_path,up,path_near_up_30,6172.418513298035,0.03404462397167372,3
hurdle_panel_path,up,path_std_30,4280.889322280884,0.023611695630718604,4
hurdle_panel_path,up,path_slope_15,4129.3379509449005,0.022775798090976403,5
hurdle_panel_path,up,mcp_lag_30min,2835.41153049469,0.015639010730181608,6
hurdle_panel_path,up,reg_raise_lag_5min,2807.1360187530518,0.015483054169106432,7
hurdle_panel_path,up,cr_raise_lag_5min,2476.4025182724,0.013658858736725924,8
hurdle_panel_path,up,dpv_lag_5min,2464.446723461151,0.013592915292068934,9
hurdle_panel_path,up,path_max60_minus_last,2447.7068457603455,0.013500584734698607,10
hurdle_panel_path,up,stem_price,2342.530987262726,0.012920476217148294,11
hurdle_panel_path,up,mcp_lag_60min,2230.6697125434875,0.01230349358277185,12
hurdle_panel_path,up,path_near_up_60,2151.044491291046,0.011864312294212035,13
hurdle_panel_path,up,demand_lag_5min,2131.4985144138336,0.011756504401485691,14
hurdle_panel_path,up,move_30,2046.1737551689148,0.011285886711238577,15
hurdle_panel_path,up,withdrawal_lag_5min,1827.3668699264526,0.010079034305744033,16
hurdle_panel_path,up,move_60,1594.3337099552155,0.008793715384634027,17
hurdle_panel_path,up,mcp_lag_1d,1308.1463451385498,0.007215218852093875,18
hurdle_panel_path,up,path_climb_run,1289.5695815086365,0.007112756757044986,19
hurdle_panel_path,up,stem_imbalance,1121.0055484771729,0.0061830240910986725,20
hurdle_panel_path,up,path_fall_run,741.6132519245148,0.004090445947530184,21
hurdle_panel_path,up,hour,727.0088996887207,0.004009894105631211,22
hurdle_panel_path,up,reg_lower_lag_5min,713.9221005439758,0.003937712487531954,23
hurdle_panel_path,up,month,602.7923204898834,0.0033247644889726575,24
hurdle_panel_path,up,dow,271.6112697124481,0.001498100545824518,25
hurdle_panel_path,up,cr_lower_lag_5min,118.6064805984497,0.0006541865273520321,26
hurdle_panel_path,up,path_near_down_60,18.461130142211914,0.0001018243063767748,27
hurdle_panel_path,up,path_near_down_30,0.0,0.0,28
hurdle_panel_path,down,rtp_last_complete,37034.15314640105,0.29333390922998587,1
hurdle_panel_path,down,mcp_lag_5min,15378.033283241093,0.12180374697403633,2
hurdle_panel_path,down,reg_lower_lag_5min,11832.768069654703,0.0937230048480499,3
hurdle_panel_path,down,withdrawal_lag_5min,5491.517957389355,0.043496294452306856,4
hurdle_panel_path,down,path_slope_15,4646.630051620305,0.036804248024766076,5
hurdle_panel_path,down,path_std_30,4368.045679003,0.034597683647630904,6
hurdle_panel_path,down,dpv_lag_5min,4141.413641989231,0.032802614617398085,7
hurdle_panel_path,down,demand_lag_5min,3986.964123032987,0.03157927677043753,8
hurdle_panel_path,down,stem_imbalance,3966.5095159485936,0.03141726334909346,9
hurdle_panel_path,down,mcp_lag_1d,3799.7545394673944,0.03009645849792224,10
hurdle_panel_path,down,move_60,3206.936422377825,0.02540096417783295,11
hurdle_panel_path,down,stem_price,3010.2670778781176,0.023843218617410865,12
hurdle_panel_path,down,cr_lower_lag_5min,2964.3645596057177,0.023479641649007784,13
hurdle_panel_path,down,month,2720.4657356590033,0.02154780874865595,14
hurdle_panel_path,down,path_max60_minus_last,2685.5498394221067,0.02127125277350109,15
hurdle_panel_path,down,move_30,2671.66905733943,0.02116130820273191,16
hurdle_panel_path,down,mcp_lag_60min,2292.4726485311985,0.018157832883018823,17
hurdle_panel_path,down,mcp_lag_30min,2245.335442483425,0.017784476406754523,18
hurdle_panel_path,down,cr_raise_lag_5min,1930.7254453971982,0.015292566305197208,19
hurdle_panel_path,down,hour,1873.0276395827532,0.014835563201423293,20
hurdle_panel_path,down,path_near_down_60,1317.306097023189,0.010433897207390531,21
hurdle_panel_path,down,dow,1177.2333965450525,0.009324432853089626,22
hurdle_panel_path,down,reg_raise_lag_5min,1067.5126303434372,0.00845537500947165,23
hurdle_panel_path,down,path_near_down_30,1000.3746121823788,0.007923599454964313,24
hurdle_panel_path,down,path_climb_run,744.7973020374775,0.0058992655597372825,25
hurdle_panel_path,down,path_fall_run,614.0530019104481,0.004863688034467825,26
hurdle_panel_path,down,path_near_up_30,43.68401534855366,0.000346005022509856,27
hurdle_panel_path,down,path_near_up_60,40.98201625049114,0.00032460348120722746,28
hurdle_panel_path_xgboost,up,rtp_last_complete,119784.5078125,0.6421400950412909,1
hurdle_panel_path_xgboost,up,mcp_lag_5min,17064.5,0.09147927267008912,2
hurdle_panel_path_xgboost,up,path_std_30,5013.6357421875,0.02687706942061443,3
hurdle_panel_path_xgboost,up,path_slope_15,3824.58837890625,0.020502831208931933,4
hurdle_panel_path_xgboost,up,mcp_lag_30min,3138.037109375,0.016822371143448322,5
hurdle_panel_path_xgboost,up,reg_raise_lag_5min,2956.80078125,0.01585080048633721,6
hurdle_panel_path_xgboost,up,path_near_up_30,2795.894287109375,0.014988213885389137,7
hurdle_panel_path_xgboost,up,cr_raise_lag_5min,2588.955810546875,0.013878859299940177,8
hurdle_panel_path_xgboost,up,stem_price,2480.553955078125,0.013297739261593354,9
hurdle_panel_path_xgboost,up,dpv_lag_5min,2462.249267578125,0.013199611598963141,10
hurdle_panel_path_xgboost,up,path_near_up_60,2430.37548828125,0.013028742827693835,11
hurdle_panel_path_xgboost,up,path_max60_minus_last,2414.42919921875,0.012943258053734768,12
hurdle_panel_path_xgboost,up,withdrawal_lag_5min,2367.72509765625,0.012692886976841365,13
hurdle_panel_path_xgboost,up,demand_lag_5min,2320.706787109375,0.012440831490246123,14
hurdle_panel_path_xgboost,up,mcp_lag_60min,2242.37744140625,0.01202092398790818,15
hurdle_panel_path_xgboost,up,move_30,1894.152587890625,0.010154162211984027,16
hurdle_panel_path_xgboost,up,stem_imbalance,1710.389892578125,0.00916904822030055,17
hurdle_panel_path_xgboost,up,move_60,1683.5321044921875,0.009025069145635077,18
hurdle_panel_path_xgboost,up,mcp_lag_1d,1600.7001953125,0.008581024327115187,19
hurdle_panel_path_xgboost,up,path_climb_run,1396.2320556640625,0.007484912709473575,20
hurdle_panel_path_xgboost,up,hour,1130.299560546875,0.006059303331369187,21
hurdle_panel_path_xgboost,up,reg_lower_lag_5min,810.85791015625,0.004346842383889491,22
hurdle_panel_path_xgboost,up,month,809.057861328125,0.0043371926925673005,23
hurdle_panel_path_xgboost,up,path_fall_run,795.7234497070312,0.004265709656053999,24
hurdle_panel_path_xgboost,up,dow,494.4591369628906,0.002650693674848089,25
hurdle_panel_path_xgboost,up,cr_lower_lag_5min,300.5881652832031,0.0016113912938172201,26
hurdle_panel_path_xgboost,up,path_near_down_60,18.431438446044922,9.880714836694348e-05,27
hurdle_panel_path_xgboost,up,path_near_down_30,9.762704849243164,5.233585155741549e-05,28
hurdle_panel_path_xgboost,down,rtp_last_complete,39941.6328125,0.318322312935738,1
hurdle_panel_path_xgboost,down,mcp_lag_5min,15931.7841796875,0.12697133372284125,2
hurdle_panel_path_xgboost,down,reg_lower_lag_5min,7835.99658203125,0.06245044031770514,3
hurdle_panel_path_xgboost,down,withdrawal_lag_5min,5918.00927734375,0.0471646817740926,4
hurdle_panel_path_xgboost,down,path_std_30,4651.67041015625,0.03707235733017569,5
hurdle_panel_path_xgboost,down,path_slope_15,4517.86328125,0.03600595639056769,6
hurdle_panel_path_xgboost,down,dpv_lag_5min,4080.201416015625,0.03251792830019941,7
hurdle_panel_path_xgboost,down,mcp_lag_1d,4036.223388671875,0.03216743718612476,8
hurdle_panel_path_xgboost,down,stem_imbalance,3682.65625,0.029349617747233936,9
hurdle_panel_path_xgboost,down,demand_lag_5min,3678.588623046875,0.02931720003346753,10
hurdle_panel_path_xgboost,down,stem_price,3157.372802734375,0.025163273071106367,11
hurdle_panel_path_xgboost,down,move_60,3076.576171875,0.02451934921017392,12
hurdle_panel_path_xgboost,down,move_30,2532.61376953125,0.020184139108048275,13
hurdle_panel_path_xgboost,down,month,2510.41015625,0.020007183259287725,14
hurdle_panel_path_xgboost,down,path_max60_minus_last,2370.38037109375,0.01889118969687928,15
hurdle_panel_path_xgboost,down,mcp_lag_60min,2301.497314453125,0.018342213293864904,16
hurdle_panel_path_xgboost,down,cr_lower_lag_5min,2298.38134765625,0.01831738001370161,17
hurdle_panel_path_xgboost,down,mcp_lag_30min,2218.46728515625,0.01768048994637492,18
hurdle_panel_path_xgboost,down,cr_raise_lag_5min,1925.464599609375,0.015345350243962084,19
hurdle_panel_path_xgboost,down,hour,1903.6387939453125,0.015171405403667624,20
hurdle_panel_path_xgboost,down,path_near_down_30,1496.128662109375,0.011923677191861357,21
hurdle_panel_path_xgboost,down,path_near_down_60,1428.8358154296875,0.011387374264545768,22
hurdle_panel_path_xgboost,down,dow,1272.1119384765625,0.01013833401528581,23
hurdle_panel_path_xgboost,down,reg_raise_lag_5min,1026.480224609375,0.008180726131411258,24
hurdle_panel_path_xgboost,down,path_climb_run,834.7710571289062,0.006652864066035971,25
hurdle_panel_path_xgboost,down,path_fall_run,707.273681640625,0.0056367498863982134,26
hurdle_panel_path_xgboost,down,path_near_up_30,72.8283920288086,0.000580419491281933,27
hurdle_panel_path_xgboost,down,path_near_up_60,67.58307647705078,0.0005386159679670124,28
hurdle_panel_path_hist_gb,up,mcp_lag_5min,,,1
hurdle_panel_path_hist_gb,up,mcp_lag_30min,,,2
hurdle_panel_path_hist_gb,up,mcp_lag_60min,,,3
hurdle_panel_path_hist_gb,up,mcp_lag_1d,,,4
hurdle_panel_path_hist_gb,up,demand_lag_5min,,,5
hurdle_panel_path_hist_gb,up,dpv_lag_5min,,,6
hurdle_panel_path_hist_gb,up,withdrawal_lag_5min,,,7
hurdle_panel_path_hist_gb,up,cr_raise_lag_5min,,,8
hurdle_panel_path_hist_gb,up,cr_lower_lag_5min,,,9
hurdle_panel_path_hist_gb,up,reg_raise_lag_5min,,,10
hurdle_panel_path_hist_gb,up,reg_lower_lag_5min,,,11
hurdle_panel_path_hist_gb,up,rtp_last_complete,,,12
hurdle_panel_path_hist_gb,up,stem_price,,,13
hurdle_panel_path_hist_gb,up,stem_imbalance,,,14
hurdle_panel_path_hist_gb,up,hour,,,15
hurdle_panel_path_hist_gb,up,dow,,,16
hurdle_panel_path_hist_gb,up,month,,,17
hurdle_panel_path_hist_gb,up,move_30,,,18
hurdle_panel_path_hist_gb,up,move_60,,,19
hurdle_panel_path_hist_gb,up,path_near_up_30,,,20
hurdle_panel_path_hist_gb,up,path_near_up_60,,,21
hurdle_panel_path_hist_gb,up,path_near_down_30,,,22
hurdle_panel_path_hist_gb,up,path_near_down_60,,,23
hurdle_panel_path_hist_gb,up,path_slope_15,,,24
hurdle_panel_path_hist_gb,up,path_climb_run,,,25
hurdle_panel_path_hist_gb,up,path_fall_run,,,26
hurdle_panel_path_hist_gb,up,path_std_30,,,27
hurdle_panel_path_hist_gb,up,path_max60_minus_last,,,28
hurdle_panel_path_hist_gb,down,mcp_lag_5min,,,1
hurdle_panel_path_hist_gb,down,mcp_lag_30min,,,2
hurdle_panel_path_hist_gb,down,mcp_lag_60min,,,3
hurdle_panel_path_hist_gb,down,mcp_lag_1d,,,4
hurdle_panel_path_hist_gb,down,demand_lag_5min,,,5
hurdle_panel_path_hist_gb,down,dpv_lag_5min,,,6
hurdle_panel_path_hist_gb,down,withdrawal_lag_5min,,,7
hurdle_panel_path_hist_gb,down,cr_raise_lag_5min,,,8
hurdle_panel_path_hist_gb,down,cr_lower_lag_5min,,,9
hurdle_panel_path_hist_gb,down,reg_raise_lag_5min,,,10
hurdle_panel_path_hist_gb,down,reg_lower_lag_5min,,,11
hurdle_panel_path_hist_gb,down,rtp_last_complete,,,12
hurdle_panel_path_hist_gb,down,stem_price,,,13
hurdle_panel_path_hist_gb,down,stem_imbalance,,,14
hurdle_panel_path_hist_gb,down,hour,,,15
hurdle_panel_path_hist_gb,down,dow,,,16
hurdle_panel_path_hist_gb,down,month,,,17
hurdle_panel_path_hist_gb,down,move_30,,,18
hurdle_panel_path_hist_gb,down,move_60,,,19
hurdle_panel_path_hist_gb,down,path_near_up_30,,,20
hurdle_panel_path_hist_gb,down,path_near_up_60,,,21
hurdle_panel_path_hist_gb,down,path_near_down_30,,,22
hurdle_panel_path_hist_gb,down,path_near_down_60,,,23
hurdle_panel_path_hist_gb,down,path_slope_15,,,24
hurdle_panel_path_hist_gb,down,path_climb_run,,,25
hurdle_panel_path_hist_gb,down,path_fall_run,,,26
hurdle_panel_path_hist_gb,down,path_std_30,,,27
hurdle_panel_path_hist_gb,down,path_max60_minus_last,,,28
hurdle_panel_path_logistic,up,mcp_lag_5min,,,1
hurdle_panel_path_logistic,up,mcp_lag_30min,,,2
hurdle_panel_path_logistic,up,mcp_lag_60min,,,3
hurdle_panel_path_logistic,up,mcp_lag_1d,,,4
hurdle_panel_path_logistic,up,demand_lag_5min,,,5
hurdle_panel_path_logistic,up,dpv_lag_5min,,,6
hurdle_panel_path_logistic,up,withdrawal_lag_5min,,,7
hurdle_panel_path_logistic,up,cr_raise_lag_5min,,,8
hurdle_panel_path_logistic,up,cr_lower_lag_5min,,,9
hurdle_panel_path_logistic,up,reg_raise_lag_5min,,,10
hurdle_panel_path_logistic,up,reg_lower_lag_5min,,,11
hurdle_panel_path_logistic,up,rtp_last_complete,,,12
hurdle_panel_path_logistic,up,stem_price,,,13
hurdle_panel_path_logistic,up,stem_imbalance,,,14
hurdle_panel_path_logistic,up,hour,,,15
hurdle_panel_path_logistic,up,dow,,,16
hurdle_panel_path_logistic,up,month,,,17
hurdle_panel_path_logistic,up,move_30,,,18
hurdle_panel_path_logistic,up,move_60,,,19
hurdle_panel_path_logistic,up,path_near_up_30,,,20
hurdle_panel_path_logistic,up,path_near_up_60,,,21
hurdle_panel_path_logistic,up,path_near_down_30,,,22
hurdle_panel_path_logistic,up,path_near_down_60,,,23
hurdle_panel_path_logistic,up,path_slope_15,,,24
hurdle_panel_path_logistic,up,path_climb_run,,,25
hurdle_panel_path_logistic,up,path_fall_run,,,26
hurdle_panel_path_logistic,up,path_std_30,,,27
hurdle_panel_path_logistic,up,path_max60_minus_last,,,28
hurdle_panel_path_logistic,down,mcp_lag_5min,,,1
hurdle_panel_path_logistic,down,mcp_lag_30min,,,2
hurdle_panel_path_logistic,down,mcp_lag_60min,,,3
hurdle_panel_path_logistic,down,mcp_lag_1d,,,4
hurdle_panel_path_logistic,down,demand_lag_5min,,,5
hurdle_panel_path_logistic,down,dpv_lag_5min,,,6
hurdle_panel_path_logistic,down,withdrawal_lag_5min,,,7
hurdle_panel_path_logistic,down,cr_raise_lag_5min,,,8
hurdle_panel_path_logistic,down,cr_lower_lag_5min,,,9
hurdle_panel_path_logistic,down,reg_raise_lag_5min,,,10
hurdle_panel_path_logistic,down,reg_lower_lag_5min,,,11
hurdle_panel_path_logistic,down,rtp_last_complete,,,12
hurdle_panel_path_logistic,down,stem_price,,,13
hurdle_panel_path_logistic,down,stem_imbalance,,,14
hurdle_panel_path_logistic,down,hour,,,15
hurdle_panel_path_logistic,down,dow,,,16
hurdle_panel_path_logistic,down,month,,,17
hurdle_panel_path_logistic,down,move_30,,,18
hurdle_panel_path_logistic,down,move_60,,,19
hurdle_panel_path_logistic,down,path_near_up_30,,,20
hurdle_panel_path_logistic,down,path_near_up_60,,,21
hurdle_panel_path_logistic,down,path_near_down_30,,,22
hurdle_panel_path_logistic,down,path_near_down_60,,,23
hurdle_panel_path_logistic,down,path_slope_15,,,24
hurdle_panel_path_logistic,down,path_climb_run,,,25
hurdle_panel_path_logistic,down,path_fall_run,,,26
hurdle_panel_path_logistic,down,path_std_30,,,27
hurdle_panel_path_logistic,down,path_max60_minus_last,,,28
hurdle_panel_path_lgbm_wide,up,rtp_last_complete,116245.06825041771,0.6411619090022532,1
hurdle_panel_path_lgbm_wide,up,mcp_lag_5min,16208.592628479004,0.08940019863490514,2
hurdle_panel_path_lgbm_wide,up,path_near_up_30,6172.418513298035,0.03404462397167372,3
hurdle_panel_path_lgbm_wide,up,path_std_30,4280.889322280884,0.023611695630718604,4
hurdle_panel_path_lgbm_wide,up,path_slope_15,4129.3379509449005,0.022775798090976403,5
hurdle_panel_path_lgbm_wide,up,mcp_lag_30min,2835.41153049469,0.015639010730181608,6
hurdle_panel_path_lgbm_wide,up,reg_raise_lag_5min,2807.1360187530518,0.015483054169106432,7
hurdle_panel_path_lgbm_wide,up,cr_raise_lag_5min,2476.4025182724,0.013658858736725924,8
hurdle_panel_path_lgbm_wide,up,dpv_lag_5min,2464.446723461151,0.013592915292068934,9
hurdle_panel_path_lgbm_wide,up,path_max60_minus_last,2447.7068457603455,0.013500584734698607,10
hurdle_panel_path_lgbm_wide,up,stem_price,2342.530987262726,0.012920476217148294,11
hurdle_panel_path_lgbm_wide,up,mcp_lag_60min,2230.6697125434875,0.01230349358277185,12
hurdle_panel_path_lgbm_wide,up,path_near_up_60,2151.044491291046,0.011864312294212035,13
hurdle_panel_path_lgbm_wide,up,demand_lag_5min,2131.4985144138336,0.011756504401485691,14
hurdle_panel_path_lgbm_wide,up,move_30,2046.1737551689148,0.011285886711238577,15
hurdle_panel_path_lgbm_wide,up,withdrawal_lag_5min,1827.3668699264526,0.010079034305744033,16
hurdle_panel_path_lgbm_wide,up,move_60,1594.3337099552155,0.008793715384634027,17
hurdle_panel_path_lgbm_wide,up,mcp_lag_1d,1308.1463451385498,0.007215218852093875,18
hurdle_panel_path_lgbm_wide,up,path_climb_run,1289.5695815086365,0.007112756757044986,19
hurdle_panel_path_lgbm_wide,up,stem_imbalance,1121.0055484771729,0.0061830240910986725,20
hurdle_panel_path_lgbm_wide,up,path_fall_run,741.6132519245148,0.004090445947530184,21
hurdle_panel_path_lgbm_wide,up,hour,727.0088996887207,0.004009894105631211,22
hurdle_panel_path_lgbm_wide,up,reg_lower_lag_5min,713.9221005439758,0.003937712487531954,23
hurdle_panel_path_lgbm_wide,up,month,602.7923204898834,0.0033247644889726575,24
hurdle_panel_path_lgbm_wide,up,dow,271.6112697124481,0.001498100545824518,25
hurdle_panel_path_lgbm_wide,up,cr_lower_lag_5min,118.6064805984497,0.0006541865273520321,26
hurdle_panel_path_lgbm_wide,up,path_near_down_60,18.461130142211914,0.0001018243063767748,27
hurdle_panel_path_lgbm_wide,up,path_near_down_30,0.0,0.0,28
hurdle_panel_path_lgbm_wide,down,rtp_last_complete,34921.77554035187,0.4405486067700195,1
hurdle_panel_path_lgbm_wide,down,mcp_lag_5min,14324.661076784134,0.1807098689050904,2
hurdle_panel_path_lgbm_wide,down,reg_lower_lag_5min,9981.94050759077,0.12592515459012157,3
hurdle_panel_path_lgbm_wide,down,withdrawal_lag_5min,1723.9483695030212,0.02174812249882385,4
hurdle_panel_path_lgbm_wide,down,month,1717.0371131896973,0.021660934940552445,5
hurdle_panel_path_lgbm_wide,down,path_std_30,1386.1191191673279,0.017486305816863404,6
hurdle_panel_path_lgbm_wide,down,demand_lag_5min,1330.7952066659927,0.016788378171536007,7
hurdle_panel_path_lgbm_wide,down,path_slope_15,1226.3366029262543,0.015470601751791581,8
hurdle_panel_path_lgbm_wide,down,stem_imbalance,1114.4892280101776,0.01405961378145698,9
hurdle_panel_path_lgbm_wide,down,path_max60_minus_last,1036.179380774498,0.013071711718568224,10
hurdle_panel_path_lgbm_wide,down,dpv_lag_5min,1016.3187885284424,0.012821164427995406,11
hurdle_panel_path_lgbm_wide,down,stem_price,957.2177512645721,0.012075587228028135,12
hurdle_panel_path_lgbm_wide,down,cr_lower_lag_5min,930.5685548782349,0.011739399672902946,13
hurdle_panel_path_lgbm_wide,down,mcp_lag_1d,899.4229876995087,0.011346489060102197,14
hurdle_panel_path_lgbm_wide,down,mcp_lag_30min,803.9154069423676,0.010141632463108284,15
hurdle_panel_path_lgbm_wide,down,hour,761.8551318645477,0.009611029557065134,16
hurdle_panel_path_lgbm_wide,down,move_60,760.6916611194611,0.009596352026846965,17
hurdle_panel_path_lgbm_wide,down,cr_raise_lag_5min,702.8090631365776,0.008866145801561448,18
hurdle_panel_path_lgbm_wide,down,path_near_down_30,692.7828946113586,0.00873966269734692,19
hurdle_panel_path_lgbm_wide,down,move_30,679.7121403217316,0.008574771236284903,20
hurdle_panel_path_lgbm_wide,down,mcp_lag_60min,588.0778794288635,0.007418777723809942,21
hurdle_panel_path_lgbm_wide,down,path_near_down_60,550.3055927753448,0.006942269069761198,22
hurdle_panel_path_lgbm_wide,down,path_climb_run,308.31845927238464,0.0038895292570957137,23
hurdle_panel_path_lgbm_wide,down,reg_raise_lag_5min,295.3424789905548,0.003725833398389161,24
hurdle_panel_path_lgbm_wide,down,dow,291.1511104106903,0.0036729580345295737,25
hurdle_panel_path_lgbm_wide,down,path_fall_run,248.5546097755432,0.0031355904832603516,26
hurdle_panel_path_lgbm_wide,down,path_near_up_60,18.50998020172119,0.00023350891708774643,27
hurdle_panel_path_lgbm_wide,down,path_near_up_30,0.0,0.0,28
hurdle_panel_path_hist_gb_wide,up,mcp_lag_5min,,,1
hurdle_panel_path_hist_gb_wide,up,mcp_lag_30min,,,2
hurdle_panel_path_hist_gb_wide,up,mcp_lag_60min,,,3
hurdle_panel_path_hist_gb_wide,up,mcp_lag_1d,,,4
hurdle_panel_path_hist_gb_wide,up,demand_lag_5min,,,5
hurdle_panel_path_hist_gb_wide,up,dpv_lag_5min,,,6
hurdle_panel_path_hist_gb_wide,up,withdrawal_lag_5min,,,7
hurdle_panel_path_hist_gb_wide,up,cr_raise_lag_5min,,,8
hurdle_panel_path_hist_gb_wide,up,cr_lower_lag_5min,,,9
hurdle_panel_path_hist_gb_wide,up,reg_raise_lag_5min,,,10
hurdle_panel_path_hist_gb_wide,up,reg_lower_lag_5min,,,11
hurdle_panel_path_hist_gb_wide,up,rtp_last_complete,,,12
hurdle_panel_path_hist_gb_wide,up,stem_price,,,13
hurdle_panel_path_hist_gb_wide,up,stem_imbalance,,,14
hurdle_panel_path_hist_gb_wide,up,hour,,,15
hurdle_panel_path_hist_gb_wide,up,dow,,,16
hurdle_panel_path_hist_gb_wide,up,month,,,17
hurdle_panel_path_hist_gb_wide,up,move_30,,,18
hurdle_panel_path_hist_gb_wide,up,move_60,,,19
hurdle_panel_path_hist_gb_wide,up,path_near_up_30,,,20
hurdle_panel_path_hist_gb_wide,up,path_near_up_60,,,21
hurdle_panel_path_hist_gb_wide,up,path_near_down_30,,,22
hurdle_panel_path_hist_gb_wide,up,path_near_down_60,,,23
hurdle_panel_path_hist_gb_wide,up,path_slope_15,,,24
hurdle_panel_path_hist_gb_wide,up,path_climb_run,,,25
hurdle_panel_path_hist_gb_wide,up,path_fall_run,,,26
hurdle_panel_path_hist_gb_wide,up,path_std_30,,,27
hurdle_panel_path_hist_gb_wide,up,path_max60_minus_last,,,28
hurdle_panel_path_hist_gb_wide,down,mcp_lag_5min,,,1
hurdle_panel_path_hist_gb_wide,down,mcp_lag_30min,,,2
hurdle_panel_path_hist_gb_wide,down,mcp_lag_60min,,,3
hurdle_panel_path_hist_gb_wide,down,mcp_lag_1d,,,4
hurdle_panel_path_hist_gb_wide,down,demand_lag_5min,,,5
hurdle_panel_path_hist_gb_wide,down,dpv_lag_5min,,,6
hurdle_panel_path_hist_gb_wide,down,withdrawal_lag_5min,,,7
hurdle_panel_path_hist_gb_wide,down,cr_raise_lag_5min,,,8
hurdle_panel_path_hist_gb_wide,down,cr_lower_lag_5min,,,9
hurdle_panel_path_hist_gb_wide,down,reg_raise_lag_5min,,,10
hurdle_panel_path_hist_gb_wide,down,reg_lower_lag_5min,,,11
hurdle_panel_path_hist_gb_wide,down,rtp_last_complete,,,12
hurdle_panel_path_hist_gb_wide,down,stem_price,,,13
hurdle_panel_path_hist_gb_wide,down,stem_imbalance,,,14
hurdle_panel_path_hist_gb_wide,down,hour,,,15
hurdle_panel_path_hist_gb_wide,down,dow,,,16
hurdle_panel_path_hist_gb_wide,down,month,,,17
hurdle_panel_path_hist_gb_wide,down,move_30,,,18
hurdle_panel_path_hist_gb_wide,down,move_60,,,19
hurdle_panel_path_hist_gb_wide,down,path_near_up_30,,,20
hurdle_panel_path_hist_gb_wide,down,path_near_up_60,,,21
hurdle_panel_path_hist_gb_wide,down,path_near_down_30,,,22
hurdle_panel_path_hist_gb_wide,down,path_near_down_60,,,23
hurdle_panel_path_hist_gb_wide,down,path_slope_15,,,24
hurdle_panel_path_hist_gb_wide,down,path_climb_run,,,25
hurdle_panel_path_hist_gb_wide,down,path_fall_run,,,26
hurdle_panel_path_hist_gb_wide,down,path_std_30,,,27
hurdle_panel_path_hist_gb_wide,down,path_max60_minus_last,,,28
spike_forecaster,up,mcp_lag_5min,,,1
spike_forecaster,up,mcp_lag_30min,,,2
spike_forecaster,up,mcp_lag_60min,,,3
spike_forecaster,up,mcp_lag_1d,,,4
spike_forecaster,up,demand_lag_5min,,,5
spike_forecaster,up,dpv_lag_5min,,,6
spike_forecaster,up,withdrawal_lag_5min,,,7
spike_forecaster,up,cr_raise_lag_5min,,,8
spike_forecaster,up,cr_lower_lag_5min,,,9
spike_forecaster,up,reg_raise_lag_5min,,,10
spike_forecaster,up,reg_lower_lag_5min,,,11
spike_forecaster,up,rtp_last_complete,,,12
spike_forecaster,up,stem_price,,,13
spike_forecaster,up,stem_imbalance,,,14
spike_forecaster,up,hour,,,15
spike_forecaster,up,dow,,,16
spike_forecaster,up,month,,,17
spike_forecaster,up,move_30,,,18
spike_forecaster,up,move_60,,,19
spike_forecaster,up,path_near_up_30,,,20
spike_forecaster,up,path_near_up_60,,,21
spike_forecaster,up,path_near_down_30,,,22
spike_forecaster,up,path_near_down_60,,,23
spike_forecaster,up,path_slope_15,,,24
spike_forecaster,up,path_climb_run,,,25
spike_forecaster,up,path_fall_run,,,26
spike_forecaster,up,path_std_30,,,27
spike_forecaster,up,path_max60_minus_last,,,28
spike_forecaster,down,mcp_lag_5min,,,1
spike_forecaster,down,mcp_lag_30min,,,2
spike_forecaster,down,mcp_lag_60min,,,3
spike_forecaster,down,mcp_lag_1d,,,4
spike_forecaster,down,demand_lag_5min,,,5
spike_forecaster,down,dpv_lag_5min,,,6
spike_forecaster,down,withdrawal_lag_5min,,,7
spike_forecaster,down,cr_raise_lag_5min,,,8
spike_forecaster,down,cr_lower_lag_5min,,,9
spike_forecaster,down,reg_raise_lag_5min,,,10
spike_forecaster,down,reg_lower_lag_5min,,,11
spike_forecaster,down,rtp_last_complete,,,12
spike_forecaster,down,stem_price,,,13
spike_forecaster,down,stem_imbalance,,,14
spike_forecaster,down,hour,,,15
spike_forecaster,down,dow,,,16
spike_forecaster,down,month,,,17
spike_forecaster,down,move_30,,,18
spike_forecaster,down,move_60,,,19
spike_forecaster,down,path_near_up_30,,,20
spike_forecaster,down,path_near_up_60,,,21
spike_forecaster,down,path_near_down_30,,,22
spike_forecaster,down,path_near_down_60,,,23
spike_forecaster,down,path_slope_15,,,24
spike_forecaster,down,path_climb_run,,,25
spike_forecaster,down,path_fall_run,,,26
spike_forecaster,down,path_std_30,,,27
spike_forecaster,down,path_max60_minus_last,,,28
