split,baseline,subset,metric,diff,boot_p05,boot_p95,n
calibration,persistence,all,mae,-0.14015587228646137,-0.18791199247941812,-0.0978845967975445,50381
calibration,persistence,all,crps,-0.28658822249317906,-0.3283715887139923,-0.24979368533531726,50381
calibration,persistence,tail,mae,-0.34403861321722334,-0.8349844364029639,0.2613673856243356,491
calibration,persistence,tail,crps,-7.287118332799813,-10.181175563043354,-4.906654384247378,491
calibration,persistence,onset,mae,-2.50050527030042,-3.2129152162807872,-1.7596783559424352,125
calibration,persistence,onset,crps,-29.60024495135893,-38.491538799101946,-22.112546337825222,125
calibration,persistence,fresh_onset,mae,-2.829349070408412,-3.7048243923818647,-2.022994393386679,84
calibration,persistence,fresh_onset,crps,-31.726610891935728,-44.58180222850243,-21.37025389145325,84
calibration,regime_switch,all,mae,0.0,0.0,0.0,50381
calibration,regime_switch,all,crps,-0.042383487124378304,-0.06195960306036163,-0.024390942172391284,50381
calibration,regime_switch,tail,mae,0.0,0.0,0.0,491
calibration,regime_switch,tail,crps,-6.878955498380264,-9.785378582835088,-4.661201853821009,491
calibration,regime_switch,onset,mae,0.0,0.0,0.0,125
calibration,regime_switch,onset,crps,-27.020537197637676,-35.891302375231966,-19.935408811655503,125
calibration,regime_switch,fresh_onset,mae,0.0,0.0,0.0,84
calibration,regime_switch,fresh_onset,crps,-28.84274308397478,-41.56741335915516,-18.93074617907527,84
test,persistence,all,mae,-0.0946781563052385,-0.12401264798447582,-0.06696655756678475,40127
test,persistence,all,crps,-0.2611279906881824,-0.29851359904756464,-0.22129417497902282,40127
test,persistence,tail,mae,0.12877284125801072,-0.03273548698091883,0.3027115932936135,3206
test,persistence,tail,crps,-1.636768424897483,-2.1029728360465287,-1.2513381953545173,3206
test,persistence,onset,mae,-0.6064144720500318,-0.8643309490238248,-0.3844354653643738,403
test,persistence,onset,crps,-13.416617255808497,-16.71732492437617,-10.695643041584711,403
test,persistence,fresh_onset,mae,-0.8674234775956398,-1.185350571079652,-0.6208344162444439,233
test,persistence,fresh_onset,crps,-15.796834613147603,-19.51894607761228,-12.481158813066674,233
test,regime_switch,all,mae,0.0,0.0,0.0,40127
test,regime_switch,all,crps,-0.0604490830796108,-0.08666170828481963,-0.03554221609131048,40127
test,regime_switch,tail,mae,0.0,0.0,0.0,3206
test,regime_switch,tail,crps,-1.5694270031980966,-1.9659260486941226,-1.2340850660578622,3206
test,regime_switch,onset,mae,0.0,0.0,0.0,403
test,regime_switch,onset,crps,-12.485317549015132,-15.528427846943021,-9.906959833663933,403
test,regime_switch,fresh_onset,mae,0.0,0.0,0.0,233
test,regime_switch,fresh_onset,crps,-14.611548638907406,-18.29259382762399,-11.329742222155511,233
