model,baseline,subset,metric,diff,boot_p05,boot_p95,n
persistence,regime_switch,all,mae,0.0946781563052385,0.06696655756678475,0.12401264798447581,40127
persistence,regime_switch,all,crps,0.20067890760857157,0.1771041715431469,0.22410272091975672,40127
persistence,regime_switch,tail,mae,-0.12877284125801072,-0.3027115932936135,0.03273548698091873,3206
persistence,regime_switch,tail,crps,0.06734142169938664,-0.08218097103715782,0.21468670324170824,3206
persistence,regime_switch,onset,mae,0.6064144720500318,0.38443546536437373,0.8643309490238248,403
persistence,regime_switch,onset,crps,0.9312997067933667,0.7204215541115341,1.1806384287253455,403
persistence,regime_switch,fresh_onset,mae,0.8674234775956398,0.6208344162444438,1.185350571079652,233
persistence,regime_switch,fresh_onset,crps,1.1852859742401982,0.9501621544219443,1.4905508570545367,233
lightgbm,regime_switch,all,mae,0.10260889987812397,0.0575776444008702,0.15627488880936644,40127
lightgbm,regime_switch,all,crps,0.057304912970584904,0.017627210273517397,0.10451038883027684,40127
lightgbm,regime_switch,tail,mae,1.9122482631275883,1.3952782527242584,2.5544893859887705,3206
lightgbm,regime_switch,tail,crps,1.4105588806240021,0.9255954856525194,2.00075061335708,3206
lightgbm,regime_switch,onset,mae,0.06084113214199334,-0.05273790274681641,0.16915927647570198,403
lightgbm,regime_switch,onset,crps,-0.2728229680240731,-0.3863298833068694,-0.16137352538194796,403
lightgbm,regime_switch,fresh_onset,mae,0.08942324843058631,-0.06907979048461571,0.24503882321839465,233
lightgbm,regime_switch,fresh_onset,crps,-0.287194062240625,-0.4545286954599721,-0.1276755578576455,233
hurdle_panel,regime_switch,all,mae,-0.009884676641016225,-0.034843650236688124,0.012203535387946196,40127
hurdle_panel,regime_switch,all,crps,-0.05814824206056913,-0.08034163781280257,-0.037362639525075014,40127
hurdle_panel,regime_switch,tail,mae,-0.18724835363928777,-0.5163034604351086,0.06120104136758456,3206
hurdle_panel,regime_switch,tail,crps,-1.407926407684237,-1.7596813942237852,-1.1156979992939213,3206
hurdle_panel,regime_switch,onset,mae,-1.4896233790758227,-4.068798202984306,0.48587674082408044,403
hurdle_panel,regime_switch,onset,crps,-11.200526211006611,-13.829641989332742,-8.954170881263884,403
hurdle_panel,regime_switch,fresh_onset,mae,-0.45935924867831895,-2.721361590315984,1.3959901798328433,233
hurdle_panel,regime_switch,fresh_onset,crps,-13.028768661541752,-15.922895294274708,-10.37869735285059,233
hurdle_weather,regime_switch,all,mae,0.05838409453803255,0.015071173321181982,0.10483807260117395,40127
hurdle_weather,regime_switch,all,crps,-0.05426785779292027,-0.07657424703334212,-0.03280790029312038,40127
hurdle_weather,regime_switch,tail,mae,-0.07369354985273978,-0.48443697038826666,0.30774318125845973,3206
hurdle_weather,regime_switch,tail,crps,-1.3842326762754784,-1.7338205073804764,-1.09273777178611,3206
hurdle_weather,regime_switch,onset,mae,-0.5862568755034335,-3.7203826117139047,2.5193474318868794,403
hurdle_weather,regime_switch,onset,crps,-11.012034640543881,-13.72347254364603,-8.785003452679554,403
hurdle_weather,regime_switch,fresh_onset,mae,0.242069841479841,-3.6866059324411737,3.365566251434612,233
hurdle_weather,regime_switch,fresh_onset,crps,-12.913660745413189,-15.856590385788483,-10.24447418262451,233
hurdle_weather_predispatch,regime_switch,all,mae,0.18102341407137387,0.12238908589193333,0.2395167058163288,40127
hurdle_weather_predispatch,regime_switch,all,crps,-0.05025516491176055,-0.06984017680606154,-0.030899430210990928,40127
hurdle_weather_predispatch,regime_switch,tail,mae,-0.058296915268147044,-0.48604783020830955,0.3389175552161566,3206
hurdle_weather_predispatch,regime_switch,tail,crps,-1.3531812920199047,-1.6597223710422204,-1.089081880396434,3206
hurdle_weather_predispatch,regime_switch,onset,mae,-0.4637714897014378,-3.9145818775302725,2.7008952804652298,403
hurdle_weather_predispatch,regime_switch,onset,crps,-10.765010476962319,-13.063868110629052,-8.770610031946156,403
hurdle_weather_predispatch,regime_switch,fresh_onset,mae,-0.4324402916500307,-4.103187270050051,2.522335825165028,233
hurdle_weather_predispatch,regime_switch,fresh_onset,crps,-12.535192706835906,-15.036755141414332,-10.266597164908735,233
hurdle_weather_predispatch_all,regime_switch,all,mae,0.21898791081971408,0.14952005098301197,0.2910440849890814,40127
hurdle_weather_predispatch_all,regime_switch,all,crps,-0.049559350682753335,-0.07073396203271483,-0.02815085133562418,40127
hurdle_weather_predispatch_all,regime_switch,tail,mae,-0.3158692128565371,-0.7779501320587794,0.10776773071746314,3206
hurdle_weather_predispatch_all,regime_switch,tail,crps,-1.4190969594639609,-1.7552494069454787,-1.1358075813195307,3206
hurdle_weather_predispatch_all,regime_switch,onset,mae,-2.5128454005410865,-6.1993099362271,0.8947216283163643,403
hurdle_weather_predispatch_all,regime_switch,onset,crps,-11.289391692410566,-13.862777879265066,-9.078606658122082,403
hurdle_weather_predispatch_all,regime_switch,fresh_onset,mae,-2.8485959845588904,-6.893355876631143,0.4794963208316221,233
hurdle_weather_predispatch_all,regime_switch,fresh_onset,crps,-13.315567452786853,-16.193344413179542,-10.752381813382772,233
hurdle_weather_predispatch_half,regime_switch,all,mae,0.20415190638181865,0.13960544072793094,0.27278389144777254,40127
hurdle_weather_predispatch_half,regime_switch,all,crps,-0.04902950868756026,-0.0690771973691348,-0.028778090677150998,40127
hurdle_weather_predispatch_half,regime_switch,tail,mae,-0.014308601003195186,-0.5095236938611046,0.4927536433238652,3206
hurdle_weather_predispatch_half,regime_switch,tail,crps,-1.3682668055843088,-1.6819674496208383,-1.0905923350533888,3206
hurdle_weather_predispatch_half,regime_switch,onset,mae,-0.11382971418422771,-4.153057903515428,3.91476329618708,403
hurdle_weather_predispatch_half,regime_switch,onset,crps,-10.885020790827033,-13.293719939067254,-8.837939806982988,403
hurdle_weather_predispatch_half,regime_switch,fresh_onset,mae,0.7077881471900177,-3.155182170889664,4.476115870504089,233
hurdle_weather_predispatch_half,regime_switch,fresh_onset,crps,-12.536315104631774,-15.119377776972195,-10.129721074352362,233
hurdle_panel_path,regime_switch,all,mae,0.038234201278597446,-0.0023740256801930096,0.07961260133637918,40127
hurdle_panel_path,regime_switch,all,crps,-0.06085547133268912,-0.08583916678278218,-0.037103481203537444,40127
hurdle_panel_path,regime_switch,tail,mae,-0.12053364457738873,-0.5061432075744591,0.21361216343455144,3206
hurdle_panel_path,regime_switch,tail,crps,-1.4964589413256528,-1.876653524227761,-1.1801282536853286,3206
hurdle_panel_path,regime_switch,onset,mae,-0.9588855198886062,-4.04081176909822,1.7120262637937615,403
hurdle_panel_path,regime_switch,onset,crps,-11.904832173424424,-14.722870069427582,-9.403285841771229,403
hurdle_panel_path,regime_switch,fresh_onset,mae,-0.24552716745232506,-3.499989484240081,2.515845568931302,233
hurdle_panel_path,regime_switch,fresh_onset,crps,-14.041177037606436,-17.55407670684269,-10.94798170968723,233
lightgbm,persistence,all,mae,0.007930743572885495,-0.04678654963450261,0.07339345901981267,40127
lightgbm,persistence,all,crps,-0.14337399463798667,-0.19117446386622844,-0.08959296626027846,40127
lightgbm,persistence,tail,mae,2.041021104385599,1.4935697003144137,2.656911693619709,3206
lightgbm,persistence,tail,crps,1.3432174589246155,0.833070463954151,1.9195093757030492,3206
lightgbm,persistence,onset,mae,-0.5455733399080386,-0.8371411590713617,-0.28446812542109734,403
lightgbm,persistence,onset,crps,-1.2041226748174396,-1.4874991179197392,-0.9652026247053407,403
lightgbm,persistence,fresh_onset,mae,-0.7780002291650533,-1.1391097457224137,-0.47059182096266994,233
lightgbm,persistence,fresh_onset,crps,-1.4724800364808233,-1.825616633903942,-1.1691961926636532,233
regime_switch,persistence,all,mae,-0.0946781563052385,-0.12401264798447582,-0.06696655756678475,40127
regime_switch,persistence,all,crps,-0.20067890760857157,-0.22410272091975672,-0.1771041715431469,40127
regime_switch,persistence,tail,mae,0.12877284125801072,-0.03273548698091883,0.3027115932936135,3206
regime_switch,persistence,tail,crps,-0.06734142169938664,-0.21468670324170827,0.08218097103715782,3206
regime_switch,persistence,onset,mae,-0.6064144720500318,-0.8643309490238248,-0.3844354653643738,403
regime_switch,persistence,onset,crps,-0.9312997067933667,-1.1806384287253455,-0.7204215541115342,403
regime_switch,persistence,fresh_onset,mae,-0.8674234775956398,-1.185350571079652,-0.6208344162444439,233
regime_switch,persistence,fresh_onset,crps,-1.1852859742401982,-1.4905508570545367,-0.9501621544219443,233
hurdle_panel,persistence,all,mae,-0.10456283294625471,-0.14422053702003376,-0.06339500801894629,40127
hurdle_panel,persistence,all,crps,-0.25882714966914067,-0.2939366878729083,-0.22136144594782287,40127
hurdle_panel,persistence,tail,mae,-0.05847551238127704,-0.4578069362142651,0.2826017199132178,3206
hurdle_panel,persistence,tail,crps,-1.4752678293836237,-1.9002785446404398,-1.120829650723035,3206
hurdle_panel,persistence,onset,mae,-2.0960378511258546,-4.817066328335474,-0.0794877503677533,403
hurdle_panel,persistence,onset,crps,-12.13182591779998,-14.98894745508002,-9.769121425681714,403
hurdle_panel,persistence,fresh_onset,mae,-1.3267827262739587,-3.697897276275007,0.5547633175474621,233
hurdle_panel,persistence,fresh_onset,crps,-14.21405463578195,-17.26865778066407,-11.479987448462026,233
hurdle_weather,persistence,all,mae,-0.036294061767205954,-0.08967725949972091,0.019209938044587177,40127
hurdle_weather,persistence,all,crps,-0.2549467654014918,-0.2903471692090864,-0.2168824614394432,40127
hurdle_weather,persistence,tail,mae,0.05507929140527095,-0.4333447704816076,0.47779756507960663,3206
hurdle_weather,persistence,tail,crps,-1.451574097974865,-1.8748401192619144,-1.1032926874378866,3206
hurdle_weather,persistence,onset,mae,-1.1926713475534652,-4.549385737677035,1.9001392777998605,403
hurdle_weather,persistence,onset,crps,-11.943334347337247,-14.834100230023996,-9.583315748716304,403
hurdle_weather,persistence,fresh_onset,mae,-0.6253536361157986,-4.673475072384043,2.490581800105975,233
hurdle_weather,persistence,fresh_onset,crps,-14.098946719653389,-17.182229455726855,-11.341903404016852,233
hurdle_weather_predispatch,persistence,all,mae,0.08634525776613532,0.02159123837307373,0.1490565411044439,40127
hurdle_weather_predispatch,persistence,all,crps,-0.2509340725203321,-0.28415444216088254,-0.2128452834454091,40127
hurdle_weather_predispatch,persistence,tail,mae,0.07047592598986367,-0.4310829367096389,0.5110839653331003,3206
hurdle_weather_predispatch,persistence,tail,crps,-1.4205227137192913,-1.812042313666889,-1.0969699045455414,3206
hurdle_weather_predispatch,persistence,onset,mae,-1.07018596175147,-4.638638010599687,2.215369185268662,403
hurdle_weather_predispatch,persistence,onset,crps,-11.696310183755687,-14.199654735861557,-9.57083709576348,403
hurdle_weather_predispatch,persistence,fresh_onset,mae,-1.29986376924567,-4.98228758550532,1.670029831549763,233
hurdle_weather_predispatch,persistence,fresh_onset,crps,-13.720478681076104,-16.340674872093572,-11.337287250605142,233
hurdle_weather_predispatch_all,persistence,all,mae,0.12430975451447557,0.04965366034309666,0.1997821162569304,40127
hurdle_weather_predispatch_all,persistence,all,crps,-0.2502382582913249,-0.28458855204218864,-0.21198694962696957,40127
hurdle_weather_predispatch_all,persistence,tail,mae,-0.18709637159852635,-0.6930641457432065,0.2629247687377756,3206
hurdle_weather_predispatch_all,persistence,tail,crps,-1.4864383811633475,-1.898909433824866,-1.1375693131044913,3206
hurdle_weather_predispatch_all,persistence,onset,mae,-3.1192598725911194,-6.857790251727288,0.3158009639918019,403
hurdle_weather_predispatch_all,persistence,onset,crps,-12.220691399203933,-14.97234251340828,-9.89452581906612,403
hurdle_weather_predispatch_all,persistence,fresh_onset,mae,-3.7160194621545304,-7.904690659477201,-0.32456735272168835,233
hurdle_weather_predispatch_all,persistence,fresh_onset,crps,-14.500853427027048,-17.58095048980291,-11.86066772999346,233
hurdle_weather_predispatch_half,persistence,all,mae,0.10947375007658014,0.03475371675946043,0.18789100188788446,40127
hurdle_weather_predispatch_half,persistence,all,crps,-0.24970841629613186,-0.28435899657782504,-0.21093525607026126,40127
hurdle_weather_predispatch_half,persistence,tail,mae,0.11446424025481547,-0.4284123857886433,0.6483708907525241,3206
hurdle_weather_predispatch_half,persistence,tail,crps,-1.4356082272836954,-1.8326018520831202,-1.1049618773270409,3206
hurdle_weather_predispatch_half,persistence,onset,mae,-0.7202441862342598,-4.813190253517107,3.4096890610646153,403
hurdle_weather_predispatch_half,persistence,onset,crps,-11.8163204976204,-14.390461544137144,-9.63877541535246,403
hurdle_weather_predispatch_half,persistence,fresh_onset,mae,-0.15963533040562217,-4.130260317969871,3.7123107397383084,233
hurdle_weather_predispatch_half,persistence,fresh_onset,crps,-13.72160107887197,-16.480355264643496,-11.217056704894404,233
hurdle_panel_path,persistence,all,mae,-0.05644395502664106,-0.10628831844898123,-0.004730177853790392,40127
hurdle_panel_path,persistence,all,crps,-0.2615343789412607,-0.29813016700922745,-0.22183651191926557,40127
hurdle_panel_path,persistence,tail,mae,0.00823919668062199,-0.434118744917424,0.4003325992404189,3206
hurdle_panel_path,persistence,tail,crps,-1.5638003630250392,-2.0218466519579543,-1.189740435606664,3206
hurdle_panel_path,persistence,onset,mae,-1.5652999919386377,-4.8048636395794295,1.159223468885638,403
hurdle_panel_path,persistence,onset,crps,-12.836131880217788,-15.832701153392831,-10.242481556182982,403
hurdle_panel_path,persistence,fresh_onset,mae,-1.112950645047965,-4.476709155872328,1.6664724148616321,233
hurdle_panel_path,persistence,fresh_onset,crps,-15.226463011846635,-18.80348370018514,-12.04020055469903,233
persistence,hurdle_panel,all,mae,0.10456283294625471,0.06339500801894629,0.14422053702003376,40127
persistence,hurdle_panel,all,crps,0.25882714966914067,0.2213614459478228,0.2939366878729082,40127
persistence,hurdle_panel,tail,mae,0.05847551238127704,-0.2826017199132178,0.4578069362142651,3206
persistence,hurdle_panel,tail,crps,1.4752678293836237,1.120829650723035,1.9002785446404395,3206
persistence,hurdle_panel,onset,mae,2.0960378511258546,0.07948775036775325,4.817066328335473,403
persistence,hurdle_panel,onset,crps,12.13182591779998,9.769121425681712,14.98894745508002,403
persistence,hurdle_panel,fresh_onset,mae,1.3267827262739587,-0.5547633175474629,3.697897276275006,233
persistence,hurdle_panel,fresh_onset,crps,14.21405463578195,11.479987448462026,17.26865778066407,233
lightgbm,hurdle_panel,all,mae,0.1124935765191402,0.06502446545095461,0.1680014358234009,40127
lightgbm,hurdle_panel,all,crps,0.11545315503115404,0.06967661097817546,0.16677391929930657,40127
lightgbm,hurdle_panel,tail,mae,2.099496616766876,1.5256199916033246,2.7628085312712787,3206
lightgbm,hurdle_panel,tail,crps,2.81848528830824,2.1820651094203396,3.5435961109317518,3206
lightgbm,hurdle_panel,onset,mae,1.5504645112178164,-0.41153440884476133,4.095944997073588,403
lightgbm,hurdle_panel,onset,crps,10.927703242982538,8.741647253942235,13.505745476857914,403
lightgbm,hurdle_panel,fresh_onset,mae,0.5487824971089053,-1.2657702552460894,2.750666831360064,233
lightgbm,hurdle_panel,fresh_onset,crps,12.741574599301128,10.167124904112388,15.5808548225428,233
regime_switch,hurdle_panel,all,mae,0.009884676641016225,-0.012203535387946197,0.03484365023668811,40127
regime_switch,hurdle_panel,all,crps,0.05814824206056913,0.037362639525075,0.08034163781280257,40127
regime_switch,hurdle_panel,tail,mae,0.18724835363928777,-0.061201041367584565,0.5163034604351086,3206
regime_switch,hurdle_panel,tail,crps,1.407926407684237,1.1156979992939213,1.7596813942237852,3206
regime_switch,hurdle_panel,onset,mae,1.4896233790758227,-0.4858767408240807,4.068798202984305,403
regime_switch,hurdle_panel,onset,crps,11.200526211006611,8.954170881263884,13.829641989332742,403
regime_switch,hurdle_panel,fresh_onset,mae,0.45935924867831895,-1.3959901798328433,2.7213615903159827,233
regime_switch,hurdle_panel,fresh_onset,crps,13.028768661541752,10.37869735285059,15.922895294274708,233
hurdle_weather,hurdle_panel,all,mae,0.06826877117904878,0.03846000135150534,0.10140095108180201,40127
hurdle_weather,hurdle_panel,all,crps,0.003880384267648863,0.0005503169739572081,0.00709989714631638,40127
hurdle_weather,hurdle_panel,tail,mae,0.11355480378654795,-0.07729499200843797,0.3148920249846309,3206
hurdle_weather,hurdle_panel,tail,crps,0.023693731408758772,-0.01520091213171347,0.06555383514609928,3206
hurdle_weather,hurdle_panel,onset,mae,0.9033665035723889,-0.6260933510462061,2.5038297324958334,403
hurdle_weather,hurdle_panel,onset,crps,0.1884915704627311,-0.11868472091588671,0.5183790370266943,403
hurdle_weather,hurdle_panel,fresh_onset,mae,0.7014290901581598,-1.1831788940493506,2.5894329266091214,233
hurdle_weather,hurdle_panel,fresh_onset,crps,0.11510791612856447,-0.3496312313296045,0.571058656572847,233
hurdle_weather_predispatch,hurdle_panel,all,mae,0.19090809071239004,0.13639765295801956,0.24429091754838905,40127
hurdle_weather_predispatch,hurdle_panel,all,crps,0.0078930771488086,0.0035024005513208784,0.012954403743250634,40127
hurdle_weather_predispatch,hurdle_panel,tail,mae,0.12895143837114076,-0.22356947932989174,0.46987971050327154,3206
hurdle_weather_predispatch,hurdle_panel,tail,crps,0.05474511566433241,0.007999823744220293,0.11340318577616552,3206
hurdle_weather_predispatch,hurdle_panel,onset,mae,1.0258518893743853,-1.7530318512526215,3.7107174844227564,403
hurdle_weather_predispatch,hurdle_panel,onset,crps,0.4355157340442921,0.06578462237769905,0.8968018191810984,403
hurdle_weather_predispatch,hurdle_panel,fresh_onset,mae,0.026918957028288674,-2.8957977353083426,2.3327452437368854,233
hurdle_weather_predispatch,hurdle_panel,fresh_onset,crps,0.4935759547058491,0.00716149506479899,1.060747353255607,233
hurdle_weather_predispatch_all,hurdle_panel,all,mae,0.2288725874607303,0.1660681643542502,0.2929532854360918,40127
hurdle_weather_predispatch_all,hurdle_panel,all,crps,0.008588891377815802,0.003564236631726595,0.014124574414634963,40127
hurdle_weather_predispatch_all,hurdle_panel,tail,mae,-0.12862085921724936,-0.5479093878454818,0.27414840809168706,3206
hurdle_weather_predispatch_all,hurdle_panel,tail,crps,-0.011170551779723698,-0.0622895796165072,0.04314939879460848,3206
hurdle_weather_predispatch_all,hurdle_panel,onset,mae,-1.0232220214652643,-4.43478197714768,2.1717790543771374,403
hurdle_weather_predispatch_all,hurdle_panel,onset,crps,-0.08886548140395577,-0.48774395468104154,0.3480474954295354,403
hurdle_weather_predispatch_all,hurdle_panel,fresh_onset,mae,-2.3892367358805715,-6.268966102200402,0.9092278575089363,233
hurdle_weather_predispatch_all,hurdle_panel,fresh_onset,crps,-0.28679879124509705,-0.7804823852291128,0.3221524001813839,233
hurdle_weather_predispatch_half,hurdle_panel,all,mae,0.2140365830228349,0.15468360163442427,0.27763286935385667,40127
hurdle_weather_predispatch_half,hurdle_panel,all,crps,0.009118733373008872,0.00435641785430659,0.014697324911183345,40127
hurdle_weather_predispatch_half,hurdle_panel,tail,mae,0.17293975263609254,-0.25578997691085525,0.6165919070497636,3206
hurdle_weather_predispatch_half,hurdle_panel,tail,crps,0.03965960209992826,-0.012342820997258065,0.1026556894533742,3206
hurdle_weather_predispatch_half,hurdle_panel,onset,mae,1.3757936648915947,-1.904722006729412,4.837839186746671,403
hurdle_weather_predispatch_half,hurdle_panel,onset,crps,0.31550542017957817,-0.0938697311151943,0.8323863913910909,403
hurdle_weather_predispatch_half,hurdle_panel,fresh_onset,mae,1.1671473958683365,-2.3306315203864822,4.29300794385676,233
hurdle_weather_predispatch_half,hurdle_panel,fresh_onset,crps,0.4924535569099811,0.09309503650878292,0.9547602024044213,233
hurdle_panel_path,hurdle_panel,all,mae,0.048118877919613674,0.017570874004929734,0.08121580952724775,40127
hurdle_panel_path,hurdle_panel,all,crps,-0.002707229272119993,-0.008095346401616505,0.0022260495033430295,40127
hurdle_panel_path,hurdle_panel,tail,mae,0.06671470906189901,-0.15765791745157676,0.27092205767796534,3206
hurdle_panel_path,hurdle_panel,tail,crps,-0.08853253364141558,-0.1432646633273365,-0.040935249919407245,3206
hurdle_panel_path,hurdle_panel,onset,mae,0.5307378591872164,-1.1947612789236424,2.2295485610134285,403
hurdle_panel_path,hurdle_panel,onset,crps,-0.7043059624178123,-1.1358341046841747,-0.3313806791409705,403
hurdle_panel_path,hurdle_panel,fresh_onset,mae,0.2138320812259938,-1.953913827352689,2.006308716383998,233
hurdle_panel_path,hurdle_panel,fresh_onset,crps,-1.0124083760646834,-1.744278638995873,-0.36608790944539454,233
