model,c_up,c_down,cal_mae,cal_tail_mae,cal_onset_mae
hurdle_panel,0.1,0.1,5.839147948164984,60.00485759231515,86.12195902503072
hurdle_panel,0.1,0.2,5.8383270013959585,60.00485759231515,86.12195902503072
hurdle_panel,0.1,0.3,5.8388278247211804,60.05624655351259,86.32381486461433
hurdle_panel,0.1,0.4,5.8388278247211804,60.05624655351259,86.32381486461433
hurdle_panel,0.1,0.5,5.838378704208712,60.05624655351259,86.32381486461433
hurdle_panel,0.1,0.6,5.838378704208712,60.05624655351259,86.32381486461433
hurdle_panel,0.1,0.7,5.838378704208712,60.05624655351259,86.32381486461433
hurdle_panel,0.1,0.8,5.838378704208712,60.05624655351259,86.32381486461433
hurdle_panel,0.1,0.9,5.838378704208712,60.05624655351259,86.32381486461433
hurdle_panel,0.1,inf,5.838378704208712,60.05624655351259,86.32381486461433
hurdle_panel,0.2,0.1,5.622202304015563,62.3827406144243,95.4622835358755
hurdle_panel,0.2,0.2,5.6213813572465385,62.3827406144243,95.4622835358755
hurdle_panel,0.2,0.3,5.621882180571759,62.434129575621746,95.66413937545909
hurdle_panel,0.2,0.4,5.621882180571759,62.434129575621746,95.66413937545909
hurdle_panel,0.2,0.5,5.6214330600592906,62.434129575621746,95.66413937545909
hurdle_panel,0.2,0.6,5.6214330600592906,62.434129575621746,95.66413937545909
hurdle_panel,0.2,0.7,5.6214330600592906,62.434129575621746,95.66413937545909
hurdle_panel,0.2,0.8,5.6214330600592906,62.434129575621746,95.66413937545909
hurdle_panel,0.2,0.9,5.6214330600592906,62.434129575621746,95.66413937545909
hurdle_panel,0.2,inf,5.6214330600592906,62.434129575621746,95.66413937545909
hurdle_panel,0.3,0.1,5.487478143581684,62.15129088626588,94.55314900366925
hurdle_panel,0.3,0.2,5.48665719681266,62.15129088626588,94.55314900366925
hurdle_panel,0.3,0.3,5.487158020137881,62.20267984746334,94.75500484325283
hurdle_panel,0.3,0.4,5.487158020137881,62.20267984746334,94.75500484325283
hurdle_panel,0.3,0.5,5.4867088996254125,62.20267984746334,94.75500484325283
hurdle_panel,0.3,0.6,5.4867088996254125,62.20267984746334,94.75500484325283
hurdle_panel,0.3,0.7,5.4867088996254125,62.20267984746334,94.75500484325283
hurdle_panel,0.3,0.8,5.4867088996254125,62.20267984746334,94.75500484325283
hurdle_panel,0.3,0.9,5.4867088996254125,62.20267984746334,94.75500484325283
hurdle_panel,0.3,inf,5.4867088996254125,62.20267984746334,94.75500484325283
hurdle_panel,0.4,0.1,5.455052499537153,64.4475158774403,103.57272076900234
hurdle_panel,0.4,0.2,5.454231552768128,64.4475158774403,103.57272076900234
hurdle_panel,0.4,0.3,5.45473237609335,64.49890483863776,103.77457660858595
hurdle_panel,0.4,0.4,5.45473237609335,64.49890483863776,103.77457660858595
hurdle_panel,0.4,0.5,5.454283255580882,64.49890483863776,103.77457660858595
hurdle_panel,0.4,0.6,5.454283255580882,64.49890483863776,103.77457660858595
hurdle_panel,0.4,0.7,5.454283255580882,64.49890483863776,103.77457660858595
hurdle_panel,0.4,0.8,5.454283255580882,64.49890483863776,103.77457660858595
hurdle_panel,0.4,0.9,5.454283255580882,64.49890483863776,103.77457660858595
hurdle_panel,0.4,inf,5.454283255580882,64.49890483863776,103.77457660858595
hurdle_panel,0.5,0.1,5.437594362632655,64.08389755317903,102.1444279913041
hurdle_panel,0.5,0.2,5.436773415863631,64.08389755317903,102.1444279913041
hurdle_panel,0.5,0.3,5.437274239188852,64.13528651437649,102.34628383088769
hurdle_panel,0.5,0.4,5.437274239188852,64.13528651437649,102.34628383088769
hurdle_panel,0.5,0.5,5.436825118676384,64.13528651437649,102.34628383088769
hurdle_panel,0.5,0.6,5.436825118676384,64.13528651437649,102.34628383088769
hurdle_panel,0.5,0.7,5.436825118676384,64.13528651437649,102.34628383088769
hurdle_panel,0.5,0.8,5.436825118676384,64.13528651437649,102.34628383088769
hurdle_panel,0.5,0.9,5.436825118676384,64.13528651437649,102.34628383088769
hurdle_panel,0.5,inf,5.436825118676384,64.13528651437649,102.34628383088769
hurdle_panel,0.6,0.1,5.4397244398312115,64.59334791200092,104.1455490007565
hurdle_panel,0.6,0.2,5.438903493062187,64.59334791200092,104.1455490007565
hurdle_panel,0.6,0.3,5.4394043163874075,64.64473687319838,104.3474048403401
hurdle_panel,0.6,0.4,5.4394043163874075,64.64473687319838,104.3474048403401
hurdle_panel,0.6,0.5,5.43895519587494,64.64473687319838,104.3474048403401
hurdle_panel,0.6,0.6,5.43895519587494,64.64473687319838,104.3474048403401
hurdle_panel,0.6,0.7,5.43895519587494,64.64473687319838,104.3474048403401
hurdle_panel,0.6,0.8,5.43895519587494,64.64473687319838,104.3474048403401
hurdle_panel,0.6,0.9,5.43895519587494,64.64473687319838,104.3474048403401
hurdle_panel,0.6,inf,5.43895519587494,64.64473687319838,104.3474048403401
hurdle_panel,0.7,0.1,5.422866403566755,64.9522709999234,105.555398890116
hurdle_panel,0.7,0.2,5.42204545679773,64.9522709999234,105.555398890116
hurdle_panel,0.7,0.3,5.422546280122951,65.00365996112086,105.75725472969958
hurdle_panel,0.7,0.4,5.422546280122951,65.00365996112086,105.75725472969958
hurdle_panel,0.7,0.5,5.422097159610483,65.00365996112086,105.75725472969958
hurdle_panel,0.7,0.6,5.422097159610483,65.00365996112086,105.75725472969958
hurdle_panel,0.7,0.7,5.422097159610483,65.00365996112086,105.75725472969958
hurdle_panel,0.7,0.8,5.422097159610483,65.00365996112086,105.75725472969958
hurdle_panel,0.7,0.9,5.422097159610483,65.00365996112086,105.75725472969958
hurdle_panel,0.7,inf,5.422097159610483,65.00365996112086,105.75725472969958
hurdle_panel,0.8,0.1,5.422866403566755,64.9522709999234,105.555398890116
hurdle_panel,0.8,0.2,5.42204545679773,64.9522709999234,105.555398890116
hurdle_panel,0.8,0.3,5.422546280122951,65.00365996112086,105.75725472969958
hurdle_panel,0.8,0.4,5.422546280122951,65.00365996112086,105.75725472969958
hurdle_panel,0.8,0.5,5.422097159610483,65.00365996112086,105.75725472969958
hurdle_panel,0.8,0.6,5.422097159610483,65.00365996112086,105.75725472969958
hurdle_panel,0.8,0.7,5.422097159610483,65.00365996112086,105.75725472969958
hurdle_panel,0.8,0.8,5.422097159610483,65.00365996112086,105.75725472969958
hurdle_panel,0.8,0.9,5.422097159610483,65.00365996112086,105.75725472969958
hurdle_panel,0.8,inf,5.422097159610483,65.00365996112086,105.75725472969958
hurdle_panel,0.9,0.1,5.422866403566755,64.9522709999234,105.555398890116
hurdle_panel,0.9,0.2,5.42204545679773,64.9522709999234,105.555398890116
hurdle_panel,0.9,0.3,5.422546280122951,65.00365996112086,105.75725472969958
hurdle_panel,0.9,0.4,5.422546280122951,65.00365996112086,105.75725472969958
hurdle_panel,0.9,0.5,5.422097159610483,65.00365996112086,105.75725472969958
hurdle_panel,0.9,0.6,5.422097159610483,65.00365996112086,105.75725472969958
hurdle_panel,0.9,0.7,5.422097159610483,65.00365996112086,105.75725472969958
hurdle_panel,0.9,0.8,5.422097159610483,65.00365996112086,105.75725472969958
hurdle_panel,0.9,0.9,5.422097159610483,65.00365996112086,105.75725472969958
hurdle_panel,0.9,inf,5.422097159610483,65.00365996112086,105.75725472969958
hurdle_panel,inf,0.1,5.422866403566755,64.9522709999234,105.555398890116
hurdle_panel,inf,0.2,5.42204545679773,64.9522709999234,105.555398890116
hurdle_panel,inf,0.3,5.422546280122951,65.00365996112086,105.75725472969958
hurdle_panel,inf,0.4,5.422546280122951,65.00365996112086,105.75725472969958
hurdle_panel,inf,0.5,5.422097159610483,65.00365996112086,105.75725472969958
hurdle_panel,inf,0.6,5.422097159610483,65.00365996112086,105.75725472969958
hurdle_panel,inf,0.7,5.422097159610483,65.00365996112086,105.75725472969958
hurdle_panel,inf,0.8,5.422097159610483,65.00365996112086,105.75725472969958
hurdle_panel,inf,0.9,5.422097159610483,65.00365996112086,105.75725472969958
hurdle_panel,inf,inf,5.422097159610483,65.00365996112086,105.75725472969958
hurdle_weather,0.1,0.1,5.777773034214072,60.74932923072231,89.04624362069406
hurdle_weather,0.1,0.2,5.777237057445455,60.74932923072231,89.04624362069406
hurdle_weather,0.1,0.3,5.777237057445455,60.74932923072231,89.04624362069406
hurdle_weather,0.1,0.4,5.777237057445455,60.74932923072231,89.04624362069406
hurdle_weather,0.1,0.5,5.777237057445455,60.74932923072231,89.04624362069406
hurdle_weather,0.1,0.6,5.777237057445455,60.74932923072231,89.04624362069406
hurdle_weather,0.1,0.7,5.777237057445455,60.74932923072231,89.04624362069406
hurdle_weather,0.1,0.8,5.777237057445455,60.74932923072231,89.04624362069406
hurdle_weather,0.1,0.9,5.777237057445455,60.74932923072231,89.04624362069406
hurdle_weather,0.1,inf,5.777237057445455,60.74932923072231,89.04624362069406
hurdle_weather,0.2,0.1,5.568260230594809,62.511153775599894,95.96669043297321
hurdle_weather,0.2,0.2,5.56772425382619,62.511153775599894,95.96669043297321
hurdle_weather,0.2,0.3,5.56772425382619,62.511153775599894,95.96669043297321
hurdle_weather,0.2,0.4,5.56772425382619,62.511153775599894,95.96669043297321
hurdle_weather,0.2,0.5,5.56772425382619,62.511153775599894,95.96669043297321
hurdle_weather,0.2,0.6,5.56772425382619,62.511153775599894,95.96669043297321
hurdle_weather,0.2,0.7,5.56772425382619,62.511153775599894,95.96669043297321
hurdle_weather,0.2,0.8,5.56772425382619,62.511153775599894,95.96669043297321
hurdle_weather,0.2,0.9,5.56772425382619,62.511153775599894,95.96669043297321
hurdle_weather,0.2,inf,5.56772425382619,62.511153775599894,95.96669043297321
hurdle_weather,0.3,0.1,5.483674319566364,62.948935372678406,97.68629654629764
hurdle_weather,0.3,0.2,5.483138342797747,62.948935372678406,97.68629654629764
hurdle_weather,0.3,0.3,5.483138342797747,62.948935372678406,97.68629654629764
hurdle_weather,0.3,0.4,5.483138342797747,62.948935372678406,97.68629654629764
hurdle_weather,0.3,0.5,5.483138342797747,62.948935372678406,97.68629654629764
hurdle_weather,0.3,0.6,5.483138342797747,62.948935372678406,97.68629654629764
hurdle_weather,0.3,0.7,5.483138342797747,62.948935372678406,97.68629654629764
hurdle_weather,0.3,0.8,5.483138342797747,62.948935372678406,97.68629654629764
hurdle_weather,0.3,0.9,5.483138342797747,62.948935372678406,97.68629654629764
hurdle_weather,0.3,inf,5.483138342797747,62.948935372678406,97.68629654629764
hurdle_weather,0.4,0.1,5.448728780679348,63.54272905683164,100.01871813765153
hurdle_weather,0.4,0.2,5.44819280391073,63.54272905683164,100.01871813765153
hurdle_weather,0.4,0.3,5.44819280391073,63.54272905683164,100.01871813765153
hurdle_weather,0.4,0.4,5.44819280391073,63.54272905683164,100.01871813765153
hurdle_weather,0.4,0.5,5.44819280391073,63.54272905683164,100.01871813765153
hurdle_weather,0.4,0.6,5.44819280391073,63.54272905683164,100.01871813765153
hurdle_weather,0.4,0.7,5.44819280391073,63.54272905683164,100.01871813765153
hurdle_weather,0.4,0.8,5.44819280391073,63.54272905683164,100.01871813765153
hurdle_weather,0.4,0.9,5.44819280391073,63.54272905683164,100.01871813765153
hurdle_weather,0.4,inf,5.44819280391073,63.54272905683164,100.01871813765153
hurdle_weather,0.5,0.1,5.438479217361942,64.50660022764995,103.80480409662587
hurdle_weather,0.5,0.2,5.437943240593324,64.50660022764995,103.80480409662587
hurdle_weather,0.5,0.3,5.437943240593324,64.50660022764995,103.80480409662587
hurdle_weather,0.5,0.4,5.437943240593324,64.50660022764995,103.80480409662587
hurdle_weather,0.5,0.5,5.437943240593324,64.50660022764995,103.80480409662587
hurdle_weather,0.5,0.6,5.437943240593324,64.50660022764995,103.80480409662587
hurdle_weather,0.5,0.7,5.437943240593324,64.50660022764995,103.80480409662587
hurdle_weather,0.5,0.8,5.437943240593324,64.50660022764995,103.80480409662587
hurdle_weather,0.5,0.9,5.437943240593324,64.50660022764995,103.80480409662587
hurdle_weather,0.5,inf,5.437943240593324,64.50660022764995,103.80480409662587
hurdle_weather,0.6,0.1,5.442616941805808,65.30431861591336,106.9382419257245
hurdle_weather,0.6,0.2,5.442080965037189,65.30431861591336,106.9382419257245
hurdle_weather,0.6,0.3,5.442080965037189,65.30431861591336,106.9382419257245
hurdle_weather,0.6,0.4,5.442080965037189,65.30431861591336,106.9382419257245
hurdle_weather,0.6,0.5,5.442080965037189,65.30431861591336,106.9382419257245
hurdle_weather,0.6,0.6,5.442080965037189,65.30431861591336,106.9382419257245
hurdle_weather,0.6,0.7,5.442080965037189,65.30431861591336,106.9382419257245
hurdle_weather,0.6,0.8,5.442080965037189,65.30431861591336,106.9382419257245
hurdle_weather,0.6,0.9,5.442080965037189,65.30431861591336,106.9382419257245
hurdle_weather,0.6,inf,5.442080965037189,65.30431861591336,106.9382419257245
hurdle_weather,0.7,0.1,5.428667834823977,65.62287410032908,108.1895278685095
hurdle_weather,0.7,0.2,5.428131858055358,65.62287410032908,108.1895278685095
hurdle_weather,0.7,0.3,5.428131858055358,65.62287410032908,108.1895278685095
hurdle_weather,0.7,0.4,5.428131858055358,65.62287410032908,108.1895278685095
hurdle_weather,0.7,0.5,5.428131858055358,65.62287410032908,108.1895278685095
hurdle_weather,0.7,0.6,5.428131858055358,65.62287410032908,108.1895278685095
hurdle_weather,0.7,0.7,5.428131858055358,65.62287410032908,108.1895278685095
hurdle_weather,0.7,0.8,5.428131858055358,65.62287410032908,108.1895278685095
hurdle_weather,0.7,0.9,5.428131858055358,65.62287410032908,108.1895278685095
hurdle_weather,0.7,inf,5.428131858055358,65.62287410032908,108.1895278685095
hurdle_weather,0.8,0.1,5.422633136379102,65.00365996112086,105.75725472969958
hurdle_weather,0.8,0.2,5.422097159610483,65.00365996112086,105.75725472969958
hurdle_weather,0.8,0.3,5.422097159610483,65.00365996112086,105.75725472969958
hurdle_weather,0.8,0.4,5.422097159610483,65.00365996112086,105.75725472969958
hurdle_weather,0.8,0.5,5.422097159610483,65.00365996112086,105.75725472969958
hurdle_weather,0.8,0.6,5.422097159610483,65.00365996112086,105.75725472969958
hurdle_weather,0.8,0.7,5.422097159610483,65.00365996112086,105.75725472969958
hurdle_weather,0.8,0.8,5.422097159610483,65.00365996112086,105.75725472969958
hurdle_weather,0.8,0.9,5.422097159610483,65.00365996112086,105.75725472969958
hurdle_weather,0.8,inf,5.422097159610483,65.00365996112086,105.75725472969958
hurdle_weather,0.9,0.1,5.422633136379102,65.00365996112086,105.75725472969958
hurdle_weather,0.9,0.2,5.422097159610483,65.00365996112086,105.75725472969958
hurdle_weather,0.9,0.3,5.422097159610483,65.00365996112086,105.75725472969958
hurdle_weather,0.9,0.4,5.422097159610483,65.00365996112086,105.75725472969958
hurdle_weather,0.9,0.5,5.422097159610483,65.00365996112086,105.75725472969958
hurdle_weather,0.9,0.6,5.422097159610483,65.00365996112086,105.75725472969958
hurdle_weather,0.9,0.7,5.422097159610483,65.00365996112086,105.75725472969958
hurdle_weather,0.9,0.8,5.422097159610483,65.00365996112086,105.75725472969958
hurdle_weather,0.9,0.9,5.422097159610483,65.00365996112086,105.75725472969958
hurdle_weather,0.9,inf,5.422097159610483,65.00365996112086,105.75725472969958
hurdle_weather,inf,0.1,5.422633136379102,65.00365996112086,105.75725472969958
hurdle_weather,inf,0.2,5.422097159610483,65.00365996112086,105.75725472969958
hurdle_weather,inf,0.3,5.422097159610483,65.00365996112086,105.75725472969958
hurdle_weather,inf,0.4,5.422097159610483,65.00365996112086,105.75725472969958
hurdle_weather,inf,0.5,5.422097159610483,65.00365996112086,105.75725472969958
hurdle_weather,inf,0.6,5.422097159610483,65.00365996112086,105.75725472969958
hurdle_weather,inf,0.7,5.422097159610483,65.00365996112086,105.75725472969958
hurdle_weather,inf,0.8,5.422097159610483,65.00365996112086,105.75725472969958
hurdle_weather,inf,0.9,5.422097159610483,65.00365996112086,105.75725472969958
hurdle_weather,inf,inf,5.422097159610483,65.00365996112086,105.75725472969958
hurdle_weather_predispatch,0.1,0.1,5.714854351761362,56.95602019140238,74.14612571424537
hurdle_weather_predispatch,0.1,0.2,5.714288546437167,56.95602019140238,74.14612571424537
hurdle_weather_predispatch,0.1,0.3,5.714288546437167,56.95602019140238,74.14612571424537
hurdle_weather_predispatch,0.1,0.4,5.714288546437167,56.95602019140238,74.14612571424537
hurdle_weather_predispatch,0.1,0.5,5.714288546437167,56.95602019140238,74.14612571424537
hurdle_weather_predispatch,0.1,0.6,5.714288546437167,56.95602019140238,74.14612571424537
hurdle_weather_predispatch,0.1,0.7,5.714288546437167,56.95602019140238,74.14612571424537
hurdle_weather_predispatch,0.1,0.8,5.714288546437167,56.95602019140238,74.14612571424537
hurdle_weather_predispatch,0.1,0.9,5.714288546437167,56.95602019140238,74.14612571424537
hurdle_weather_predispatch,0.1,inf,5.714288546437167,56.95602019140238,74.14612571424537
hurdle_weather_predispatch,0.2,0.1,5.524309062869341,58.85443772997243,81.60310980574852
hurdle_weather_predispatch,0.2,0.2,5.523743257545146,58.85443772997243,81.60310980574852
hurdle_weather_predispatch,0.2,0.3,5.523743257545146,58.85443772997243,81.60310980574852
hurdle_weather_predispatch,0.2,0.4,5.523743257545146,58.85443772997243,81.60310980574852
hurdle_weather_predispatch,0.2,0.5,5.523743257545146,58.85443772997243,81.60310980574852
hurdle_weather_predispatch,0.2,0.6,5.523743257545146,58.85443772997243,81.60310980574852
hurdle_weather_predispatch,0.2,0.7,5.523743257545146,58.85443772997243,81.60310980574852
hurdle_weather_predispatch,0.2,0.8,5.523743257545146,58.85443772997243,81.60310980574852
hurdle_weather_predispatch,0.2,0.9,5.523743257545146,58.85443772997243,81.60310980574852
hurdle_weather_predispatch,0.2,inf,5.523743257545146,58.85443772997243,81.60310980574852
hurdle_weather_predispatch,0.3,0.1,5.455876122975794,61.631308574570234,92.51065848332873
hurdle_weather_predispatch,0.3,0.2,5.455310317651597,61.631308574570234,92.51065848332873
hurdle_weather_predispatch,0.3,0.3,5.455310317651597,61.631308574570234,92.51065848332873
hurdle_weather_predispatch,0.3,0.4,5.455310317651597,61.631308574570234,92.51065848332873
hurdle_weather_predispatch,0.3,0.5,5.455310317651597,61.631308574570234,92.51065848332873
hurdle_weather_predispatch,0.3,0.6,5.455310317651597,61.631308574570234,92.51065848332873
hurdle_weather_predispatch,0.3,0.7,5.455310317651597,61.631308574570234,92.51065848332873
hurdle_weather_predispatch,0.3,0.8,5.455310317651597,61.631308574570234,92.51065848332873
hurdle_weather_predispatch,0.3,0.9,5.455310317651597,61.631308574570234,92.51065848332873
hurdle_weather_predispatch,0.3,inf,5.455310317651597,61.631308574570234,92.51065848332873
hurdle_weather_predispatch,0.4,0.1,5.430497097887976,63.230162515467754,98.79095676317418
hurdle_weather_predispatch,0.4,0.2,5.429931292563781,63.230162515467754,98.79095676317418
hurdle_weather_predispatch,0.4,0.3,5.429931292563781,63.230162515467754,98.79095676317418
hurdle_weather_predispatch,0.4,0.4,5.429931292563781,63.230162515467754,98.79095676317418
hurdle_weather_predispatch,0.4,0.5,5.429931292563781,63.230162515467754,98.79095676317418
hurdle_weather_predispatch,0.4,0.6,5.429931292563781,63.230162515467754,98.79095676317418
hurdle_weather_predispatch,0.4,0.7,5.429931292563781,63.230162515467754,98.79095676317418
hurdle_weather_predispatch,0.4,0.8,5.429931292563781,63.230162515467754,98.79095676317418
hurdle_weather_predispatch,0.4,0.9,5.429931292563781,63.230162515467754,98.79095676317418
hurdle_weather_predispatch,0.4,inf,5.429931292563781,63.230162515467754,98.79095676317418
hurdle_weather_predispatch,0.5,0.1,5.42429229924348,63.67792210705514,100.54975643892945
hurdle_weather_predispatch,0.5,0.2,5.423726493919284,63.67792210705514,100.54975643892945
hurdle_weather_predispatch,0.5,0.3,5.423726493919284,63.67792210705514,100.54975643892945
hurdle_weather_predispatch,0.5,0.4,5.423726493919284,63.67792210705514,100.54975643892945
hurdle_weather_predispatch,0.5,0.5,5.423726493919284,63.67792210705514,100.54975643892945
hurdle_weather_predispatch,0.5,0.6,5.423726493919284,63.67792210705514,100.54975643892945
hurdle_weather_predispatch,0.5,0.7,5.423726493919284,63.67792210705514,100.54975643892945
hurdle_weather_predispatch,0.5,0.8,5.423726493919284,63.67792210705514,100.54975643892945
hurdle_weather_predispatch,0.5,0.9,5.423726493919284,63.67792210705514,100.54975643892945
hurdle_weather_predispatch,0.5,inf,5.423726493919284,63.67792210705514,100.54975643892945
hurdle_weather_predispatch,0.6,0.1,5.416654002427872,64.38708655978587,103.33535440925576
hurdle_weather_predispatch,0.6,0.2,5.416088197103677,64.38708655978587,103.33535440925576
hurdle_weather_predispatch,0.6,0.3,5.416088197103677,64.38708655978587,103.33535440925576
hurdle_weather_predispatch,0.6,0.4,5.416088197103677,64.38708655978587,103.33535440925576
hurdle_weather_predispatch,0.6,0.5,5.416088197103677,64.38708655978587,103.33535440925576
hurdle_weather_predispatch,0.6,0.6,5.416088197103677,64.38708655978587,103.33535440925576
hurdle_weather_predispatch,0.6,0.7,5.416088197103677,64.38708655978587,103.33535440925576
hurdle_weather_predispatch,0.6,0.8,5.416088197103677,64.38708655978587,103.33535440925576
hurdle_weather_predispatch,0.6,0.9,5.416088197103677,64.38708655978587,103.33535440925576
hurdle_weather_predispatch,0.6,inf,5.416088197103677,64.38708655978587,103.33535440925576
hurdle_weather_predispatch,0.7,0.1,5.42266296493468,65.00365996112086,105.75725472969958
hurdle_weather_predispatch,0.7,0.2,5.422097159610483,65.00365996112086,105.75725472969958
hurdle_weather_predispatch,0.7,0.3,5.422097159610483,65.00365996112086,105.75725472969958
hurdle_weather_predispatch,0.7,0.4,5.422097159610483,65.00365996112086,105.75725472969958
hurdle_weather_predispatch,0.7,0.5,5.422097159610483,65.00365996112086,105.75725472969958
hurdle_weather_predispatch,0.7,0.6,5.422097159610483,65.00365996112086,105.75725472969958
hurdle_weather_predispatch,0.7,0.7,5.422097159610483,65.00365996112086,105.75725472969958
hurdle_weather_predispatch,0.7,0.8,5.422097159610483,65.00365996112086,105.75725472969958
hurdle_weather_predispatch,0.7,0.9,5.422097159610483,65.00365996112086,105.75725472969958
hurdle_weather_predispatch,0.7,inf,5.422097159610483,65.00365996112086,105.75725472969958
hurdle_weather_predispatch,0.8,0.1,5.42266296493468,65.00365996112086,105.75725472969958
hurdle_weather_predispatch,0.8,0.2,5.422097159610483,65.00365996112086,105.75725472969958
hurdle_weather_predispatch,0.8,0.3,5.422097159610483,65.00365996112086,105.75725472969958
hurdle_weather_predispatch,0.8,0.4,5.422097159610483,65.00365996112086,105.75725472969958
hurdle_weather_predispatch,0.8,0.5,5.422097159610483,65.00365996112086,105.75725472969958
hurdle_weather_predispatch,0.8,0.6,5.422097159610483,65.00365996112086,105.75725472969958
hurdle_weather_predispatch,0.8,0.7,5.422097159610483,65.00365996112086,105.75725472969958
hurdle_weather_predispatch,0.8,0.8,5.422097159610483,65.00365996112086,105.75725472969958
hurdle_weather_predispatch,0.8,0.9,5.422097159610483,65.00365996112086,105.75725472969958
hurdle_weather_predispatch,0.8,inf,5.422097159610483,65.00365996112086,105.75725472969958
hurdle_weather_predispatch,0.9,0.1,5.42266296493468,65.00365996112086,105.75725472969958
hurdle_weather_predispatch,0.9,0.2,5.422097159610483,65.00365996112086,105.75725472969958
hurdle_weather_predispatch,0.9,0.3,5.422097159610483,65.00365996112086,105.75725472969958
hurdle_weather_predispatch,0.9,0.4,5.422097159610483,65.00365996112086,105.75725472969958
hurdle_weather_predispatch,0.9,0.5,5.422097159610483,65.00365996112086,105.75725472969958
hurdle_weather_predispatch,0.9,0.6,5.422097159610483,65.00365996112086,105.75725472969958
hurdle_weather_predispatch,0.9,0.7,5.422097159610483,65.00365996112086,105.75725472969958
hurdle_weather_predispatch,0.9,0.8,5.422097159610483,65.00365996112086,105.75725472969958
hurdle_weather_predispatch,0.9,0.9,5.422097159610483,65.00365996112086,105.75725472969958
hurdle_weather_predispatch,0.9,inf,5.422097159610483,65.00365996112086,105.75725472969958
hurdle_weather_predispatch,inf,0.1,5.42266296493468,65.00365996112086,105.75725472969958
hurdle_weather_predispatch,inf,0.2,5.422097159610483,65.00365996112086,105.75725472969958
hurdle_weather_predispatch,inf,0.3,5.422097159610483,65.00365996112086,105.75725472969958
hurdle_weather_predispatch,inf,0.4,5.422097159610483,65.00365996112086,105.75725472969958
hurdle_weather_predispatch,inf,0.5,5.422097159610483,65.00365996112086,105.75725472969958
hurdle_weather_predispatch,inf,0.6,5.422097159610483,65.00365996112086,105.75725472969958
hurdle_weather_predispatch,inf,0.7,5.422097159610483,65.00365996112086,105.75725472969958
hurdle_weather_predispatch,inf,0.8,5.422097159610483,65.00365996112086,105.75725472969958
hurdle_weather_predispatch,inf,0.9,5.422097159610483,65.00365996112086,105.75725472969958
hurdle_weather_predispatch,inf,inf,5.422097159610483,65.00365996112086,105.75725472969958
hurdle_weather_predispatch_all,0.1,0.1,5.739910524505556,57.9244213453708,77.95000544703335
hurdle_weather_predispatch_all,0.1,0.2,5.739910524505556,57.9244213453708,77.95000544703335
hurdle_weather_predispatch_all,0.1,0.3,5.739910524505556,57.9244213453708,77.95000544703335
hurdle_weather_predispatch_all,0.1,0.4,5.739910524505556,57.9244213453708,77.95000544703335
hurdle_weather_predispatch_all,0.1,0.5,5.739910524505556,57.9244213453708,77.95000544703335
hurdle_weather_predispatch_all,0.1,0.6,5.739910524505556,57.9244213453708,77.95000544703335
hurdle_weather_predispatch_all,0.1,0.7,5.739910524505556,57.9244213453708,77.95000544703335
hurdle_weather_predispatch_all,0.1,0.8,5.739910524505556,57.9244213453708,77.95000544703335
hurdle_weather_predispatch_all,0.1,0.9,5.739910524505556,57.9244213453708,77.95000544703335
hurdle_weather_predispatch_all,0.1,inf,5.739910524505556,57.9244213453708,77.95000544703335
hurdle_weather_predispatch_all,0.2,0.1,5.57079456313434,59.90216769415606,85.71859310506186
hurdle_weather_predispatch_all,0.2,0.2,5.57079456313434,59.90216769415606,85.71859310506186
hurdle_weather_predispatch_all,0.2,0.3,5.57079456313434,59.90216769415606,85.71859310506186
hurdle_weather_predispatch_all,0.2,0.4,5.57079456313434,59.90216769415606,85.71859310506186
hurdle_weather_predispatch_all,0.2,0.5,5.57079456313434,59.90216769415606,85.71859310506186
hurdle_weather_predispatch_all,0.2,0.6,5.57079456313434,59.90216769415606,85.71859310506186
hurdle_weather_predispatch_all,0.2,0.7,5.57079456313434,59.90216769415606,85.71859310506186
hurdle_weather_predispatch_all,0.2,0.8,5.57079456313434,59.90216769415606,85.71859310506186
hurdle_weather_predispatch_all,0.2,0.9,5.57079456313434,59.90216769415606,85.71859310506186
hurdle_weather_predispatch_all,0.2,inf,5.57079456313434,59.90216769415606,85.71859310506186
hurdle_weather_predispatch_all,0.3,0.1,5.462750034222768,61.46712232116466,91.86573487995162
hurdle_weather_predispatch_all,0.3,0.2,5.462750034222768,61.46712232116466,91.86573487995162
hurdle_weather_predispatch_all,0.3,0.3,5.462750034222768,61.46712232116466,91.86573487995162
hurdle_weather_predispatch_all,0.3,0.4,5.462750034222768,61.46712232116466,91.86573487995162
hurdle_weather_predispatch_all,0.3,0.5,5.462750034222768,61.46712232116466,91.86573487995162
hurdle_weather_predispatch_all,0.3,0.6,5.462750034222768,61.46712232116466,91.86573487995162
hurdle_weather_predispatch_all,0.3,0.7,5.462750034222768,61.46712232116466,91.86573487995162
hurdle_weather_predispatch_all,0.3,0.8,5.462750034222768,61.46712232116466,91.86573487995162
hurdle_weather_predispatch_all,0.3,0.9,5.462750034222768,61.46712232116466,91.86573487995162
hurdle_weather_predispatch_all,0.3,inf,5.462750034222768,61.46712232116466,91.86573487995162
hurdle_weather_predispatch_all,0.4,0.1,5.437297534209548,63.04634871978991,98.06893617375162
hurdle_weather_predispatch_all,0.4,0.2,5.437297534209548,63.04634871978991,98.06893617375162
hurdle_weather_predispatch_all,0.4,0.3,5.437297534209548,63.04634871978991,98.06893617375162
hurdle_weather_predispatch_all,0.4,0.4,5.437297534209548,63.04634871978991,98.06893617375162
hurdle_weather_predispatch_all,0.4,0.5,5.437297534209548,63.04634871978991,98.06893617375162
hurdle_weather_predispatch_all,0.4,0.6,5.437297534209548,63.04634871978991,98.06893617375162
hurdle_weather_predispatch_all,0.4,0.7,5.437297534209548,63.04634871978991,98.06893617375162
hurdle_weather_predispatch_all,0.4,0.8,5.437297534209548,63.04634871978991,98.06893617375162
hurdle_weather_predispatch_all,0.4,0.9,5.437297534209548,63.04634871978991,98.06893617375162
hurdle_weather_predispatch_all,0.4,inf,5.437297534209548,63.04634871978991,98.06893617375162
hurdle_weather_predispatch_all,0.5,0.1,5.422868422871144,63.58399416116112,100.18080746745773
hurdle_weather_predispatch_all,0.5,0.2,5.422868422871144,63.58399416116112,100.18080746745773
hurdle_weather_predispatch_all,0.5,0.3,5.422868422871144,63.58399416116112,100.18080746745773
hurdle_weather_predispatch_all,0.5,0.4,5.422868422871144,63.58399416116112,100.18080746745773
hurdle_weather_predispatch_all,0.5,0.5,5.422868422871144,63.58399416116112,100.18080746745773
hurdle_weather_predispatch_all,0.5,0.6,5.422868422871144,63.58399416116112,100.18080746745773
hurdle_weather_predispatch_all,0.5,0.7,5.422868422871144,63.58399416116112,100.18080746745773
hurdle_weather_predispatch_all,0.5,0.8,5.422868422871144,63.58399416116112,100.18080746745773
hurdle_weather_predispatch_all,0.5,0.9,5.422868422871144,63.58399416116112,100.18080746745773
hurdle_weather_predispatch_all,0.5,inf,5.422868422871144,63.58399416116112,100.18080746745773
hurdle_weather_predispatch_all,0.6,0.1,5.423373850666418,64.43542334119525,103.52522128663176
hurdle_weather_predispatch_all,0.6,0.2,5.423373850666418,64.43542334119525,103.52522128663176
hurdle_weather_predispatch_all,0.6,0.3,5.423373850666418,64.43542334119525,103.52522128663176
hurdle_weather_predispatch_all,0.6,0.4,5.423373850666418,64.43542334119525,103.52522128663176
hurdle_weather_predispatch_all,0.6,0.5,5.423373850666418,64.43542334119525,103.52522128663176
hurdle_weather_predispatch_all,0.6,0.6,5.423373850666418,64.43542334119525,103.52522128663176
hurdle_weather_predispatch_all,0.6,0.7,5.423373850666418,64.43542334119525,103.52522128663176
hurdle_weather_predispatch_all,0.6,0.8,5.423373850666418,64.43542334119525,103.52522128663176
hurdle_weather_predispatch_all,0.6,0.9,5.423373850666418,64.43542334119525,103.52522128663176
hurdle_weather_predispatch_all,0.6,inf,5.423373850666418,64.43542334119525,103.52522128663176
hurdle_weather_predispatch_all,0.7,0.1,5.422970701142115,65.0932931503371,106.10933389694098
hurdle_weather_predispatch_all,0.7,0.2,5.422970701142115,65.0932931503371,106.10933389694098
hurdle_weather_predispatch_all,0.7,0.3,5.422970701142115,65.0932931503371,106.10933389694098
hurdle_weather_predispatch_all,0.7,0.4,5.422970701142115,65.0932931503371,106.10933389694098
hurdle_weather_predispatch_all,0.7,0.5,5.422970701142115,65.0932931503371,106.10933389694098
hurdle_weather_predispatch_all,0.7,0.6,5.422970701142115,65.0932931503371,106.10933389694098
hurdle_weather_predispatch_all,0.7,0.7,5.422970701142115,65.0932931503371,106.10933389694098
hurdle_weather_predispatch_all,0.7,0.8,5.422970701142115,65.0932931503371,106.10933389694098
hurdle_weather_predispatch_all,0.7,0.9,5.422970701142115,65.0932931503371,106.10933389694098
hurdle_weather_predispatch_all,0.7,inf,5.422970701142115,65.0932931503371,106.10933389694098
hurdle_weather_predispatch_all,0.8,0.1,5.422097159610483,65.00365996112086,105.75725472969958
hurdle_weather_predispatch_all,0.8,0.2,5.422097159610483,65.00365996112086,105.75725472969958
hurdle_weather_predispatch_all,0.8,0.3,5.422097159610483,65.00365996112086,105.75725472969958
hurdle_weather_predispatch_all,0.8,0.4,5.422097159610483,65.00365996112086,105.75725472969958
hurdle_weather_predispatch_all,0.8,0.5,5.422097159610483,65.00365996112086,105.75725472969958
hurdle_weather_predispatch_all,0.8,0.6,5.422097159610483,65.00365996112086,105.75725472969958
hurdle_weather_predispatch_all,0.8,0.7,5.422097159610483,65.00365996112086,105.75725472969958
hurdle_weather_predispatch_all,0.8,0.8,5.422097159610483,65.00365996112086,105.75725472969958
hurdle_weather_predispatch_all,0.8,0.9,5.422097159610483,65.00365996112086,105.75725472969958
hurdle_weather_predispatch_all,0.8,inf,5.422097159610483,65.00365996112086,105.75725472969958
hurdle_weather_predispatch_all,0.9,0.1,5.422097159610483,65.00365996112086,105.75725472969958
hurdle_weather_predispatch_all,0.9,0.2,5.422097159610483,65.00365996112086,105.75725472969958
hurdle_weather_predispatch_all,0.9,0.3,5.422097159610483,65.00365996112086,105.75725472969958
hurdle_weather_predispatch_all,0.9,0.4,5.422097159610483,65.00365996112086,105.75725472969958
hurdle_weather_predispatch_all,0.9,0.5,5.422097159610483,65.00365996112086,105.75725472969958
hurdle_weather_predispatch_all,0.9,0.6,5.422097159610483,65.00365996112086,105.75725472969958
hurdle_weather_predispatch_all,0.9,0.7,5.422097159610483,65.00365996112086,105.75725472969958
hurdle_weather_predispatch_all,0.9,0.8,5.422097159610483,65.00365996112086,105.75725472969958
hurdle_weather_predispatch_all,0.9,0.9,5.422097159610483,65.00365996112086,105.75725472969958
hurdle_weather_predispatch_all,0.9,inf,5.422097159610483,65.00365996112086,105.75725472969958
hurdle_weather_predispatch_all,inf,0.1,5.422097159610483,65.00365996112086,105.75725472969958
hurdle_weather_predispatch_all,inf,0.2,5.422097159610483,65.00365996112086,105.75725472969958
hurdle_weather_predispatch_all,inf,0.3,5.422097159610483,65.00365996112086,105.75725472969958
hurdle_weather_predispatch_all,inf,0.4,5.422097159610483,65.00365996112086,105.75725472969958
hurdle_weather_predispatch_all,inf,0.5,5.422097159610483,65.00365996112086,105.75725472969958
hurdle_weather_predispatch_all,inf,0.6,5.422097159610483,65.00365996112086,105.75725472969958
hurdle_weather_predispatch_all,inf,0.7,5.422097159610483,65.00365996112086,105.75725472969958
hurdle_weather_predispatch_all,inf,0.8,5.422097159610483,65.00365996112086,105.75725472969958
hurdle_weather_predispatch_all,inf,0.9,5.422097159610483,65.00365996112086,105.75725472969958
hurdle_weather_predispatch_all,inf,inf,5.422097159610483,65.00365996112086,105.75725472969958
hurdle_weather_predispatch_half,0.1,0.1,5.731554535588653,59.2513946598485,83.16235662630174
hurdle_weather_predispatch_half,0.1,0.2,5.731554535588653,59.2513946598485,83.16235662630174
hurdle_weather_predispatch_half,0.1,0.3,5.731554535588653,59.2513946598485,83.16235662630174
hurdle_weather_predispatch_half,0.1,0.4,5.731554535588653,59.2513946598485,83.16235662630174
hurdle_weather_predispatch_half,0.1,0.5,5.731554535588653,59.2513946598485,83.16235662630174
hurdle_weather_predispatch_half,0.1,0.6,5.731554535588653,59.2513946598485,83.16235662630174
hurdle_weather_predispatch_half,0.1,0.7,5.731554535588653,59.2513946598485,83.16235662630174
hurdle_weather_predispatch_half,0.1,0.8,5.731554535588653,59.2513946598485,83.16235662630174
hurdle_weather_predispatch_half,0.1,0.9,5.731554535588653,59.2513946598485,83.16235662630174
hurdle_weather_predispatch_half,0.1,inf,5.731554535588653,59.2513946598485,83.16235662630174
hurdle_weather_predispatch_half,0.2,0.1,5.542250733575407,61.23161854526336,90.9406760482113
hurdle_weather_predispatch_half,0.2,0.2,5.542250733575407,61.23161854526336,90.9406760482113
hurdle_weather_predispatch_half,0.2,0.3,5.542250733575407,61.23161854526336,90.9406760482113
hurdle_weather_predispatch_half,0.2,0.4,5.542250733575407,61.23161854526336,90.9406760482113
hurdle_weather_predispatch_half,0.2,0.5,5.542250733575407,61.23161854526336,90.9406760482113
hurdle_weather_predispatch_half,0.2,0.6,5.542250733575407,61.23161854526336,90.9406760482113
hurdle_weather_predispatch_half,0.2,0.7,5.542250733575407,61.23161854526336,90.9406760482113
hurdle_weather_predispatch_half,0.2,0.8,5.542250733575407,61.23161854526336,90.9406760482113
hurdle_weather_predispatch_half,0.2,0.9,5.542250733575407,61.23161854526336,90.9406760482113
hurdle_weather_predispatch_half,0.2,inf,5.542250733575407,61.23161854526336,90.9406760482113
hurdle_weather_predispatch_half,0.3,0.1,5.459114419044672,61.95259897034868,93.77268715794646
hurdle_weather_predispatch_half,0.3,0.2,5.459114419044672,61.95259897034868,93.77268715794646
hurdle_weather_predispatch_half,0.3,0.3,5.459114419044672,61.95259897034868,93.77268715794646
hurdle_weather_predispatch_half,0.3,0.4,5.459114419044672,61.95259897034868,93.77268715794646
hurdle_weather_predispatch_half,0.3,0.5,5.459114419044672,61.95259897034868,93.77268715794646
hurdle_weather_predispatch_half,0.3,0.6,5.459114419044672,61.95259897034868,93.77268715794646
hurdle_weather_predispatch_half,0.3,0.7,5.459114419044672,61.95259897034868,93.77268715794646
hurdle_weather_predispatch_half,0.3,0.8,5.459114419044672,61.95259897034868,93.77268715794646
hurdle_weather_predispatch_half,0.3,0.9,5.459114419044672,61.95259897034868,93.77268715794646
hurdle_weather_predispatch_half,0.3,inf,5.459114419044672,61.95259897034868,93.77268715794646
hurdle_weather_predispatch_half,0.4,0.1,5.438558107555328,63.76140861663107,100.87769144854371
hurdle_weather_predispatch_half,0.4,0.2,5.438558107555328,63.76140861663107,100.87769144854371
hurdle_weather_predispatch_half,0.4,0.3,5.438558107555328,63.76140861663107,100.87769144854371
hurdle_weather_predispatch_half,0.4,0.4,5.438558107555328,63.76140861663107,100.87769144854371
hurdle_weather_predispatch_half,0.4,0.5,5.438558107555328,63.76140861663107,100.87769144854371
hurdle_weather_predispatch_half,0.4,0.6,5.438558107555328,63.76140861663107,100.87769144854371
hurdle_weather_predispatch_half,0.4,0.7,5.438558107555328,63.76140861663107,100.87769144854371
hurdle_weather_predispatch_half,0.4,0.8,5.438558107555328,63.76140861663107,100.87769144854371
hurdle_weather_predispatch_half,0.4,0.9,5.438558107555328,63.76140861663107,100.87769144854371
hurdle_weather_predispatch_half,0.4,inf,5.438558107555328,63.76140861663107,100.87769144854371
hurdle_weather_predispatch_half,0.5,0.1,5.431250594457269,63.99183070559167,101.78278941398092
hurdle_weather_predispatch_half,0.5,0.2,5.431250594457269,63.99183070559167,101.78278941398092
hurdle_weather_predispatch_half,0.5,0.3,5.431250594457269,63.99183070559167,101.78278941398092
hurdle_weather_predispatch_half,0.5,0.4,5.431250594457269,63.99183070559167,101.78278941398092
hurdle_weather_predispatch_half,0.5,0.5,5.431250594457269,63.99183070559167,101.78278941398092
hurdle_weather_predispatch_half,0.5,0.6,5.431250594457269,63.99183070559167,101.78278941398092
hurdle_weather_predispatch_half,0.5,0.7,5.431250594457269,63.99183070559167,101.78278941398092
hurdle_weather_predispatch_half,0.5,0.8,5.431250594457269,63.99183070559167,101.78278941398092
hurdle_weather_predispatch_half,0.5,0.9,5.431250594457269,63.99183070559167,101.78278941398092
hurdle_weather_predispatch_half,0.5,inf,5.431250594457269,63.99183070559167,101.78278941398092
hurdle_weather_predispatch_half,0.6,0.1,5.420192962710614,64.80827229510787,104.98977197760055
hurdle_weather_predispatch_half,0.6,0.2,5.420192962710614,64.80827229510787,104.98977197760055
hurdle_weather_predispatch_half,0.6,0.3,5.420192962710614,64.80827229510787,104.98977197760055
hurdle_weather_predispatch_half,0.6,0.4,5.420192962710614,64.80827229510787,104.98977197760055
hurdle_weather_predispatch_half,0.6,0.5,5.420192962710614,64.80827229510787,104.98977197760055
hurdle_weather_predispatch_half,0.6,0.6,5.420192962710614,64.80827229510787,104.98977197760055
hurdle_weather_predispatch_half,0.6,0.7,5.420192962710614,64.80827229510787,104.98977197760055
hurdle_weather_predispatch_half,0.6,0.8,5.420192962710614,64.80827229510787,104.98977197760055
hurdle_weather_predispatch_half,0.6,0.9,5.420192962710614,64.80827229510787,104.98977197760055
hurdle_weather_predispatch_half,0.6,inf,5.420192962710614,64.80827229510787,104.98977197760055
hurdle_weather_predispatch_half,0.7,0.1,5.422097159610483,65.00365996112086,105.75725472969958
hurdle_weather_predispatch_half,0.7,0.2,5.422097159610483,65.00365996112086,105.75725472969958
hurdle_weather_predispatch_half,0.7,0.3,5.422097159610483,65.00365996112086,105.75725472969958
hurdle_weather_predispatch_half,0.7,0.4,5.422097159610483,65.00365996112086,105.75725472969958
hurdle_weather_predispatch_half,0.7,0.5,5.422097159610483,65.00365996112086,105.75725472969958
hurdle_weather_predispatch_half,0.7,0.6,5.422097159610483,65.00365996112086,105.75725472969958
hurdle_weather_predispatch_half,0.7,0.7,5.422097159610483,65.00365996112086,105.75725472969958
hurdle_weather_predispatch_half,0.7,0.8,5.422097159610483,65.00365996112086,105.75725472969958
hurdle_weather_predispatch_half,0.7,0.9,5.422097159610483,65.00365996112086,105.75725472969958
hurdle_weather_predispatch_half,0.7,inf,5.422097159610483,65.00365996112086,105.75725472969958
hurdle_weather_predispatch_half,0.8,0.1,5.422097159610483,65.00365996112086,105.75725472969958
hurdle_weather_predispatch_half,0.8,0.2,5.422097159610483,65.00365996112086,105.75725472969958
hurdle_weather_predispatch_half,0.8,0.3,5.422097159610483,65.00365996112086,105.75725472969958
hurdle_weather_predispatch_half,0.8,0.4,5.422097159610483,65.00365996112086,105.75725472969958
hurdle_weather_predispatch_half,0.8,0.5,5.422097159610483,65.00365996112086,105.75725472969958
hurdle_weather_predispatch_half,0.8,0.6,5.422097159610483,65.00365996112086,105.75725472969958
hurdle_weather_predispatch_half,0.8,0.7,5.422097159610483,65.00365996112086,105.75725472969958
hurdle_weather_predispatch_half,0.8,0.8,5.422097159610483,65.00365996112086,105.75725472969958
hurdle_weather_predispatch_half,0.8,0.9,5.422097159610483,65.00365996112086,105.75725472969958
hurdle_weather_predispatch_half,0.8,inf,5.422097159610483,65.00365996112086,105.75725472969958
hurdle_weather_predispatch_half,0.9,0.1,5.422097159610483,65.00365996112086,105.75725472969958
hurdle_weather_predispatch_half,0.9,0.2,5.422097159610483,65.00365996112086,105.75725472969958
hurdle_weather_predispatch_half,0.9,0.3,5.422097159610483,65.00365996112086,105.75725472969958
hurdle_weather_predispatch_half,0.9,0.4,5.422097159610483,65.00365996112086,105.75725472969958
hurdle_weather_predispatch_half,0.9,0.5,5.422097159610483,65.00365996112086,105.75725472969958
hurdle_weather_predispatch_half,0.9,0.6,5.422097159610483,65.00365996112086,105.75725472969958
hurdle_weather_predispatch_half,0.9,0.7,5.422097159610483,65.00365996112086,105.75725472969958
hurdle_weather_predispatch_half,0.9,0.8,5.422097159610483,65.00365996112086,105.75725472969958
hurdle_weather_predispatch_half,0.9,0.9,5.422097159610483,65.00365996112086,105.75725472969958
hurdle_weather_predispatch_half,0.9,inf,5.422097159610483,65.00365996112086,105.75725472969958
hurdle_weather_predispatch_half,inf,0.1,5.422097159610483,65.00365996112086,105.75725472969958
hurdle_weather_predispatch_half,inf,0.2,5.422097159610483,65.00365996112086,105.75725472969958
hurdle_weather_predispatch_half,inf,0.3,5.422097159610483,65.00365996112086,105.75725472969958
hurdle_weather_predispatch_half,inf,0.4,5.422097159610483,65.00365996112086,105.75725472969958
hurdle_weather_predispatch_half,inf,0.5,5.422097159610483,65.00365996112086,105.75725472969958
hurdle_weather_predispatch_half,inf,0.6,5.422097159610483,65.00365996112086,105.75725472969958
hurdle_weather_predispatch_half,inf,0.7,5.422097159610483,65.00365996112086,105.75725472969958
hurdle_weather_predispatch_half,inf,0.8,5.422097159610483,65.00365996112086,105.75725472969958
hurdle_weather_predispatch_half,inf,0.9,5.422097159610483,65.00365996112086,105.75725472969958
hurdle_weather_predispatch_half,inf,inf,5.422097159610483,65.00365996112086,105.75725472969958
hurdle_panel_path,0.1,0.1,5.78016204331021,61.86975996342426,93.44729553874733
hurdle_panel_path,0.1,0.2,5.779831973562983,61.86975996342426,93.44729553874733
hurdle_panel_path,0.1,0.3,5.779831973562983,61.86975996342426,93.44729553874733
hurdle_panel_path,0.1,0.4,5.779831973562983,61.86975996342426,93.44729553874733
hurdle_panel_path,0.1,0.5,5.779831973562983,61.86975996342426,93.44729553874733
hurdle_panel_path,0.1,0.6,5.780305551890669,61.918353343724064,93.63817033656495
hurdle_panel_path,0.1,0.7,5.780305551890669,61.918353343724064,93.63817033656495
hurdle_panel_path,0.1,0.8,5.779856878152252,61.918353343724064,93.63817033656495
hurdle_panel_path,0.1,0.9,5.779856878152252,61.918353343724064,93.63817033656495
hurdle_panel_path,0.1,inf,5.779856878152252,61.918353343724064,93.63817033656495
hurdle_panel_path,0.2,0.1,5.607557481367147,63.832619475400115,101.15740770178849
hurdle_panel_path,0.2,0.2,5.607227411619919,63.832619475400115,101.15740770178849
hurdle_panel_path,0.2,0.3,5.607227411619919,63.832619475400115,101.15740770178849
hurdle_panel_path,0.2,0.4,5.607227411619919,63.832619475400115,101.15740770178849
hurdle_panel_path,0.2,0.5,5.607227411619919,63.832619475400115,101.15740770178849
hurdle_panel_path,0.2,0.6,5.607700989947606,63.881212855699914,101.34828249960613
hurdle_panel_path,0.2,0.7,5.607700989947606,63.881212855699914,101.34828249960613
hurdle_panel_path,0.2,0.8,5.6072523162091885,63.881212855699914,101.34828249960613
hurdle_panel_path,0.2,0.9,5.6072523162091885,63.881212855699914,101.34828249960613
hurdle_panel_path,0.2,inf,5.6072523162091885,63.881212855699914,101.34828249960613
hurdle_panel_path,0.3,0.1,5.505659944094613,64.6808033338129,104.48907389763394
hurdle_panel_path,0.3,0.2,5.505329874347384,64.6808033338129,104.48907389763394
hurdle_panel_path,0.3,0.3,5.505329874347384,64.6808033338129,104.48907389763394
hurdle_panel_path,0.3,0.4,5.505329874347384,64.6808033338129,104.48907389763394
hurdle_panel_path,0.3,0.5,5.505329874347384,64.6808033338129,104.48907389763394
hurdle_panel_path,0.3,0.6,5.505803452675072,64.72939671411272,104.67994869545159
hurdle_panel_path,0.3,0.7,5.505803452675072,64.72939671411272,104.67994869545159
hurdle_panel_path,0.3,0.8,5.505354778936653,64.72939671411272,104.67994869545159
hurdle_panel_path,0.3,0.9,5.505354778936653,64.72939671411272,104.67994869545159
hurdle_panel_path,0.3,inf,5.505354778936653,64.72939671411272,104.67994869545159
hurdle_panel_path,0.4,0.1,5.454555576812299,64.75847135060599,104.79415386759716
hurdle_panel_path,0.4,0.2,5.454225507065071,64.75847135060599,104.79415386759716
hurdle_panel_path,0.4,0.3,5.454225507065071,64.75847135060599,104.79415386759716
hurdle_panel_path,0.4,0.4,5.454225507065071,64.75847135060599,104.79415386759716
hurdle_panel_path,0.4,0.5,5.454225507065071,64.75847135060599,104.79415386759716
hurdle_panel_path,0.4,0.6,5.4546990853927575,64.8070647309058,104.98502866541479
hurdle_panel_path,0.4,0.7,5.4546990853927575,64.8070647309058,104.98502866541479
hurdle_panel_path,0.4,0.8,5.454250411654339,64.8070647309058,104.98502866541479
hurdle_panel_path,0.4,0.9,5.454250411654339,64.8070647309058,104.98502866541479
hurdle_panel_path,0.4,inf,5.454250411654339,64.8070647309058,104.98502866541479
hurdle_panel_path,0.5,0.1,5.445723977246158,64.40009788596264,103.38646289847811
hurdle_panel_path,0.5,0.2,5.4453939074989295,64.40009788596264,103.38646289847811
hurdle_panel_path,0.5,0.3,5.4453939074989295,64.40009788596264,103.38646289847811
hurdle_panel_path,0.5,0.4,5.4453939074989295,64.40009788596264,103.38646289847811
hurdle_panel_path,0.5,0.5,5.4453939074989295,64.40009788596264,103.38646289847811
hurdle_panel_path,0.5,0.6,5.445867485826617,64.44869126626244,103.57733769629577
hurdle_panel_path,0.5,0.7,5.445867485826617,64.44869126626244,103.57733769629577
hurdle_panel_path,0.5,0.8,5.445418812088199,64.44869126626244,103.57733769629577
hurdle_panel_path,0.5,0.9,5.445418812088199,64.44869126626244,103.57733769629577
hurdle_panel_path,0.5,inf,5.445418812088199,64.44869126626244,103.57733769629577
hurdle_panel_path,0.6,0.1,5.441137102141796,66.87742262735244,113.11739448265729
hurdle_panel_path,0.6,0.2,5.440807032394567,66.87742262735244,113.11739448265729
hurdle_panel_path,0.6,0.3,5.440807032394567,66.87742262735244,113.11739448265729
hurdle_panel_path,0.6,0.4,5.440807032394567,66.87742262735244,113.11739448265729
hurdle_panel_path,0.6,0.5,5.440807032394567,66.87742262735244,113.11739448265729
hurdle_panel_path,0.6,0.6,5.441280610722257,66.92601600765225,113.30826928047492
hurdle_panel_path,0.6,0.7,5.441280610722257,66.92601600765225,113.30826928047492
hurdle_panel_path,0.6,0.8,5.440831936983837,66.92601600765225,113.30826928047492
hurdle_panel_path,0.6,0.9,5.440831936983837,66.92601600765225,113.30826928047492
hurdle_panel_path,0.6,inf,5.440831936983837,66.92601600765225,113.30826928047492
hurdle_panel_path,0.7,0.1,5.431224890968986,65.86034093468979,109.12229759387832
hurdle_panel_path,0.7,0.2,5.430894821221758,65.86034093468979,109.12229759387832
hurdle_panel_path,0.7,0.3,5.430894821221758,65.86034093468979,109.12229759387832
hurdle_panel_path,0.7,0.4,5.430894821221758,65.86034093468979,109.12229759387832
hurdle_panel_path,0.7,0.5,5.430894821221758,65.86034093468979,109.12229759387832
hurdle_panel_path,0.7,0.6,5.431368399549445,65.9089343149896,109.31317239169596
hurdle_panel_path,0.7,0.7,5.431368399549445,65.9089343149896,109.31317239169596
hurdle_panel_path,0.7,0.8,5.430919725811027,65.9089343149896,109.31317239169596
hurdle_panel_path,0.7,0.9,5.430919725811027,65.9089343149896,109.31317239169596
hurdle_panel_path,0.7,inf,5.430919725811027,65.9089343149896,109.31317239169596
hurdle_panel_path,0.8,0.1,5.422402324768443,64.95506658082105,105.56637993188194
hurdle_panel_path,0.8,0.2,5.422072255021215,64.95506658082105,105.56637993188194
hurdle_panel_path,0.8,0.3,5.422072255021215,64.95506658082105,105.56637993188194
hurdle_panel_path,0.8,0.4,5.422072255021215,64.95506658082105,105.56637993188194
hurdle_panel_path,0.8,0.5,5.422072255021215,64.95506658082105,105.56637993188194
hurdle_panel_path,0.8,0.6,5.422545833348902,65.00365996112086,105.75725472969958
hurdle_panel_path,0.8,0.7,5.422545833348902,65.00365996112086,105.75725472969958
hurdle_panel_path,0.8,0.8,5.422097159610483,65.00365996112086,105.75725472969958
hurdle_panel_path,0.8,0.9,5.422097159610483,65.00365996112086,105.75725472969958
hurdle_panel_path,0.8,inf,5.422097159610483,65.00365996112086,105.75725472969958
hurdle_panel_path,0.9,0.1,5.422402324768443,64.95506658082105,105.56637993188194
hurdle_panel_path,0.9,0.2,5.422072255021215,64.95506658082105,105.56637993188194
hurdle_panel_path,0.9,0.3,5.422072255021215,64.95506658082105,105.56637993188194
hurdle_panel_path,0.9,0.4,5.422072255021215,64.95506658082105,105.56637993188194
hurdle_panel_path,0.9,0.5,5.422072255021215,64.95506658082105,105.56637993188194
hurdle_panel_path,0.9,0.6,5.422545833348902,65.00365996112086,105.75725472969958
hurdle_panel_path,0.9,0.7,5.422545833348902,65.00365996112086,105.75725472969958
hurdle_panel_path,0.9,0.8,5.422097159610483,65.00365996112086,105.75725472969958
hurdle_panel_path,0.9,0.9,5.422097159610483,65.00365996112086,105.75725472969958
hurdle_panel_path,0.9,inf,5.422097159610483,65.00365996112086,105.75725472969958
hurdle_panel_path,inf,0.1,5.422402324768443,64.95506658082105,105.56637993188194
hurdle_panel_path,inf,0.2,5.422072255021215,64.95506658082105,105.56637993188194
hurdle_panel_path,inf,0.3,5.422072255021215,64.95506658082105,105.56637993188194
hurdle_panel_path,inf,0.4,5.422072255021215,64.95506658082105,105.56637993188194
hurdle_panel_path,inf,0.5,5.422072255021215,64.95506658082105,105.56637993188194
hurdle_panel_path,inf,0.6,5.422545833348902,65.00365996112086,105.75725472969958
hurdle_panel_path,inf,0.7,5.422545833348902,65.00365996112086,105.75725472969958
hurdle_panel_path,inf,0.8,5.422097159610483,65.00365996112086,105.75725472969958
hurdle_panel_path,inf,0.9,5.422097159610483,65.00365996112086,105.75725472969958
hurdle_panel_path,inf,inf,5.422097159610483,65.00365996112086,105.75725472969958
