run_set,split,first_target,last_target,origins,origins_with_predispatch,share_with_predispatch,runs_expected,runs_present,run_age_min_median,run_age_min_p95,run_age_min_max,share_age_40_100,share_age_40_70,share_with_revision,share_with_revision60
even_hour,train,2023-10-02 08:00:00,2025-09-30 23:55:00,210105,208598,0.9928273958258966,8756,8687,105.0,160.0,240.0,0.4821043346532565,0.2337654244048361,,
even_hour,calibration,2025-10-01 00:00:00,2026-03-31 23:55:00,52397,52311,0.9983586846575185,2184,2178,105.0,155.0,240.0,0.4992831335665539,0.2494886352774751,,
even_hour,test,2026-04-01 00:00:00,2026-08-18 07:55:00,40127,40127,1.0,1672,1672,105.0,155.0,205.0,0.49963864729483887,0.24973210058065642,,
all_hourly,train,2023-10-02 08:00:00,2025-09-30 23:55:00,210105,209038,0.9949215868256348,17512,17371,75.0,100.0,240.0,0.9628440761966723,0.4675322190223787,0.99416006282573,
all_hourly,calibration,2025-10-01 00:00:00,2026-03-31 23:55:00,52397,52343,0.9989694066454187,4368,4357,75.0,100.0,240.0,0.9975354870756357,0.4986722197810595,0.9987403858999561,
all_hourly,test,2026-04-01 00:00:00,2026-08-18 07:55:00,40127,40115,0.9997009494853839,3344,3344,75.0,100.0,145.0,0.999476505047987,0.4995886825377041,0.9994018989707678,
half_hourly,train,2023-10-02 08:00:00,2025-09-30 23:55:00,210105,209099,0.9952119178505985,35024,34732,60.0,75.0,240.0,0.9930511384559467,0.9354994524124935,0.994407558125699,0.994407558125699
half_hourly,calibration,2025-10-01 00:00:00,2026-03-31 23:55:00,52397,52351,0.9991220871423937,8736,8716,60.0,70.0,240.0,0.9979561039903727,0.9963133464499245,0.9988358112105655,0.9986067904651029
half_hourly,test,2026-04-01 00:00:00,2026-08-18 07:55:00,40127,40121,0.999850474742692,6688,6687,60.0,70.0,145.0,0.9997756785723187,0.9987288452431395,0.9996261868567299,0.9997009494853839
