model,n,mae,crps,tail_mae,tail_crps,onset_mae,onset_crps,fresh_onset_n,fresh_onset_mae,fresh_onset_crps,rest_of_event_mae,rest_of_event_crps,onset_events,onset_calls,onset_hits,onset_precision,onset_recall,fresh_recall,split,onset_average_precision,onset_roc_auc,onset_base_rate,point_gate_share,mixture_gate_share
persistence,50381,5.562253031896945,4.794160157349622,65.34769857433808,62.7585150946098,108.25775999999998,102.97218924916147,84,110.26702380952383,105.05689826393693,50.692622950819676,49.02433676313724,125,0,0,,0.0,0.0,calibration,,,,,
persistence,40127,4.744947790764324,4.175883828969476,16.003000623830317,14.767914812379544,45.83096774193549,42.497692093508874,233,52.99038626609442,49.6877945115417,11.714498751337851,10.78107919186755,403,0,0,,0.0,0.0,test,,,,,
lightgbm,50381,5.267662711508371,4.381176108738725,65.34369350804347,62.16429775328444,104.99810427700669,99.48179921731011,84,107.0836058665079,101.69580640707889,51.800520431211766,49.419249439068004,125,4,4,1.0,0.032,0.03571428571428571,calibration,,,,,
lightgbm,40127,4.752878534337209,4.0325098343314885,18.044021728215917,16.111132271304157,45.28539440202744,41.29356941869144,233,52.21238603692937,48.21531447506088,14.127406249248368,12.490539274373344,403,27,11,0.4074074074074074,0.02729528535980149,0.02575107296137339,test,,,,,
regime_switch,50381,5.422097159610483,4.549955421980821,65.00365996112086,62.35035226019025,105.75725472969958,100.39248149544024,84,107.43767473911542,102.173030455976,51.08508251283578,49.35782178367045,125,1,1,1.0,0.008,0.011904761904761904,calibration,,,,,
regime_switch,40127,4.650269634459085,3.9752049213609033,16.13177346508833,14.700573390680157,45.22455326988545,41.56639238671552,233,52.12296278849878,48.5025085373015,11.948972801037941,10.837952964207716,403,17,7,0.4117647058823529,0.017369727047146403,0.012875536480686695,test,,,,,
hurdle_panel,50381,5.436773415863631,4.5105159943137645,64.08389755317903,55.97279073307641,102.1444279913041,75.34141981693705,84,98.96468612477591,76.5647876733375,51.08508251283578,49.35782178367045,125,159,58,0.36477987421383645,0.464,0.39285714285714285,calibration,0.3378796538171701,0.9862310459158042,0.0025055121266786932,0.00027788253508267003,0.10420595065600127
hurdle_panel,40127,4.6403849578180685,3.917056679300335,15.944525111449039,13.29264698299592,43.734929890809624,30.365866175708902,233,51.66360353982047,35.473739875759755,11.948972801037941,10.837952964207716,403,696,226,0.32471264367816094,0.5607940446650124,0.5150214592274678,test,0.33033529138666723,0.9761681821956119,0.0109151973131822,0.0008223889151942582,0.3573404440900142
hurdle_weather,50381,5.44819280391073,4.512858226408499,63.54272905683164,56.42105473328497,100.01871813765153,77.10220080975628,84,100.48641952419376,78.5157423399527,51.08508251283578,49.35782178367045,125,164,58,0.35365853658536583,0.464,0.38095238095238093,calibration,0.32609983741709514,0.983773334672963,0.0025055121266786932,0.0007542525952243901,0.09706039975387547
hurdle_weather,40127,4.708653728997118,3.9209370635679837,16.058079915235588,13.31634071440468,44.63829639438202,30.554357746171636,233,52.36503262997862,35.58884779188831,11.948972801037941,10.837952964207716,403,730,240,0.3287671232876712,0.5955334987593052,0.5493562231759657,test,0.3358604794915034,0.9759981039297116,0.0109151973131822,0.0037132105564831657,0.3513594337976923
hurdle_weather_predispatch,50381,5.455310317651597,4.50752029417265,61.631308574570234,56.273749240611984,92.51065848332873,76.52358483453679,84,89.57961044518758,77.2819241086203,51.08508251283578,49.35782178367045,125,173,62,0.3583815028901734,0.496,0.42857142857142855,calibration,0.3330195392883844,0.9866365517934291,0.0025055121266786932,0.0017863877255314504,0.10174470534526905
hurdle_weather_predispatch,40127,4.831293048530458,3.9249497564491436,16.07347654982018,13.347392098660253,44.76078178018401,30.801381909753196,233,51.69052249684874,35.9673158304656,11.948972801037941,10.837952964207716,403,760,238,0.3131578947368421,0.5905707196029777,0.5493562231759657,test,0.3173699109009694,0.9762329043483365,0.0109151973131822,0.009644379096369029,0.3901861589453485
hurdle_weather_predispatch_all,50381,5.462750034222768,4.509055106510569,61.46712232116466,56.16949111809985,91.86573487995162,76.11405892930911,84,90.90407761107934,77.97060924373291,51.08508251283578,49.35782178367045,125,207,66,0.3188405797101449,0.528,0.4642857142857143,calibration,0.32543613005788724,0.9865465286848186,0.0025055121266786932,0.0018657827355550703,0.09606796212858022
hurdle_weather_predispatch_all,40127,4.869257545278799,3.9256455706781503,15.815904252231793,13.281476431216197,42.711707869344366,30.27700069430495,233,49.27436680393989,35.18694108451466,11.948972801037941,10.837952964207716,403,881,266,0.30192962542565266,0.6600496277915633,0.648068669527897,test,0.3083282550517008,0.9763295289164988,0.0109151973131822,0.01089042290726942,0.38418022777680866
hurdle_weather_predispatch_half,50381,5.459114419044672,4.5079537060940975,61.95259897034868,56.317640467199936,93.77268715794646,76.69598957257422,84,93.89885508157492,78.46820424071203,51.08508251283578,49.35782178367045,125,192,64,0.3333333333333333,0.512,0.4523809523809524,calibration,0.34497939951930034,0.9845954385612378,0.0025055121266786932,0.0016275977054842103,0.10694507850181616
hurdle_weather_predispatch_half,40127,4.854421540840904,3.9261754126733437,16.117464864085132,13.332306585095852,45.11072355570123,30.681371595888482,233,52.8307509356888,35.96619343266973,11.948972801037941,10.837952964207716,403,881,261,0.29625425652667425,0.6476426799007444,0.6051502145922747,test,0.3086024704471997,0.976662652647452,0.0109151973131822,0.009345328581752934,0.42031549829292
hurdle_panel_path,50381,5.4453939074989295,4.507226622683073,64.40009788596264,55.90835477253097,103.38646289847811,75.08831536391459,84,100.84678848951238,75.90715712450879,51.08508251283578,49.35782178367045,125,166,62,0.37349397590361444,0.496,0.4523809523809524,calibration,0.3728709112709615,0.9871426102682608,0.0025055121266786932,0.0004962188126476251,0.09461900319564916
hurdle_panel_path,40127,4.688503835737683,3.914349450028215,16.01123982051094,13.204114449354504,44.265667749996844,29.661560213291093,233,51.87743562104645,34.46133149969507,11.948972801037941,10.837952964207716,403,766,244,0.3185378590078329,0.6054590570719603,0.5579399141630901,test,0.3639745485960992,0.9784926078128369,0.0109151973131822,0.0019438283450046103,0.33588356966630945
hurdle_panel_path_xgboost,50381,5.422072255021215,4.507798806786158,64.95506658082105,55.67157711802113,105.56637993188194,74.1582527369999,84,107.43767473911542,75.10207679649135,51.08508251283578,49.35782178367045,125,150,63,0.42,0.504,0.4523809523809524,calibration,0.39068305904740236,0.9872442077765498,0.0025055121266786932,3.969750501181001e-05,0.09987892260971398
hurdle_panel_path_xgboost,40127,4.650269634459085,3.9122654414469085,16.13177346508833,13.17615168902786,45.22455326988545,29.439107087714856,233,52.12296278849878,33.96974623836665,11.948972801037941,10.837952964207716,403,649,216,0.33281972265023113,0.5359801488833746,0.5064377682403434,test,0.3542394424036224,0.9781960750312195,0.0109151973131822,0.0,0.33675580033393976
hurdle_panel_path_hist_gb,50381,5.458182331232247,4.507543389462236,64.92870155361338,55.46857939095463,105.4628181050102,73.36087766508273,84,103.6732888905434,73.3830316900313,51.08508251283578,49.35782178367045,125,164,62,0.3780487804878049,0.496,0.4642857142857143,calibration,0.3894049294879782,0.9877518738068922,0.0025055121266786932,0.0006748575852007702,0.08822770488874775
hurdle_panel_path_hist_gb,40127,4.694558565671483,3.9147558382812937,15.812153388599048,13.13114638748206,42.68186849265311,29.08107483770039,233,49.26818017243705,33.8909598983941,11.948972801037941,10.837952964207716,403,720,227,0.31527777777777777,0.5632754342431762,0.5107296137339056,test,0.34613066901640294,0.9777984329968415,0.0109151973131822,0.0025170084980187905,0.315423530291325
hurdle_panel_path_logistic,50381,5.433502218331029,4.530449789623359,64.02506982560024,58.41252777610927,101.91335267737458,84.92470692197013,84,101.73540178549348,87.23741214484835,51.08508251283578,49.35782178367045,125,90,34,0.37777777777777777,0.272,0.21428571428571427,calibration,0.2471261979808282,0.9630369938711946,0.0025055121266786932,0.00015879002004724003,0.3347492110120879
hurdle_panel_path_logistic,40127,4.635260687189511,3.9469260355270657,15.935932852420954,13.817314287323123,43.66657559194102,34.539770338669236,233,50.9593477848934,40.880088992221125,11.948972801037941,10.837952964207716,403,395,116,0.2936708860759494,0.2878411910669975,0.2875536480686695,test,0.25011151328507103,0.9504506904171938,0.0109151973131822,0.00014952525730804696,0.681461360181424
hurdle_panel_path_lgbm_wide,50381,5.446969554005155,4.507196852335218,64.36315002221497,55.906491544269336,103.24133168967725,75.08099660330286,84,100.63081942879683,75.86471009410461,51.08508251283578,49.35782178367045,125,168,62,0.36904761904761907,0.496,0.4523809523809524,calibration,0.3820811105233865,0.9862806390033155,0.0025055121266786932,0.0006153113276830552,0.09467854945316687
hurdle_panel_path_lgbm_wide,40127,4.688503835737683,3.914349450028215,16.01123982051094,13.204114449354504,44.265667749996844,29.661560213291093,233,51.87743562104645,34.46133149969507,11.948972801037941,10.837952964207716,403,766,244,0.3185378590078329,0.6054590570719603,0.5579399141630901,test,0.3639745485960992,0.978492607812837,0.0109151973131822,0.0019438283450046103,0.33588356966630945
hurdle_panel_path_hist_gb_wide,50381,5.422764312949009,4.512482854922165,64.91811871707338,56.01016971033823,105.42124872308108,75.48824443962145,84,107.22170567839987,75.86095735858036,51.08508251283578,49.35782178367045,125,153,61,0.39869281045751637,0.488,0.4642857142857143,calibration,0.38176250999153427,0.9846964734250979,0.0025055121266786932,0.00011909251503543003,0.1015660665727159
hurdle_panel_path_hist_gb_wide,40127,4.650269634459085,3.9105804493756016,16.13177346508833,13.1222984457791,45.22455326988545,29.01068649750265,233,52.12296278849878,33.60985168322623,11.948972801037941,10.837952964207716,403,685,227,0.33138686131386863,0.5632754342431762,0.5236051502145923,test,0.3484221883857098,0.9778135857948024,0.0109151973131822,0.0,0.3642933685548384
