model,c_up,c_down,cal_crps,cal_tail_crps
hurdle_panel,0.0025,0.0025,4.510528353477193,55.97279073307641
hurdle_panel,0.0025,0.005,4.510523913256126,55.97279073307641
hurdle_panel,0.0025,0.01,4.5105220880565025,55.97279073307641
hurdle_panel,0.0025,0.02,4.5105159943137645,55.97279073307641
hurdle_panel,0.0025,0.05,4.510542983912349,55.97583825193338
hurdle_panel,0.0025,0.1,4.510525043014632,55.97583825193338
hurdle_panel,0.0025,0.2,4.510499086200119,55.97583825193338
hurdle_panel,0.0025,0.3,4.510690470185331,55.995475963866056
hurdle_panel,0.0025,0.5,4.510613183162367,55.995475963866056
hurdle_panel,0.0025,inf,4.510613183162367,55.995475963866056
hurdle_panel,0.005,0.0025,4.510420444699645,55.97458749875723
hurdle_panel,0.005,0.005,4.510416004478577,55.97458749875723
hurdle_panel,0.005,0.01,4.510414179278953,55.97458749875723
hurdle_panel,0.005,0.02,4.510408085536215,55.97458749875723
hurdle_panel,0.005,0.05,4.5104350751348,55.977635017614205
hurdle_panel,0.005,0.1,4.510417134237083,55.977635017614205
hurdle_panel,0.005,0.2,4.510391177422571,55.977635017614205
hurdle_panel,0.005,0.3,4.510582561407782,55.99727272954688
hurdle_panel,0.005,0.5,4.510505274384818,55.99727272954688
hurdle_panel,0.005,inf,4.510505274384818,55.99727272954688
hurdle_panel,0.01,0.0025,4.510487470962398,55.98040175560298
hurdle_panel,0.01,0.005,4.510483030741331,55.98040175560298
hurdle_panel,0.01,0.01,4.510481205541707,55.98040175560298
hurdle_panel,0.01,0.02,4.510475111798969,55.98040175560298
hurdle_panel,0.01,0.05,4.510502101397554,55.98344927445996
hurdle_panel,0.01,0.1,4.5104841604998365,55.98344927445996
hurdle_panel,0.01,0.2,4.510458203685324,55.98344927445996
hurdle_panel,0.01,0.3,4.510649587670536,56.003086986392624
hurdle_panel,0.01,0.5,4.5105723006475715,56.003086986392624
hurdle_panel,0.01,inf,4.5105723006475715,56.003086986392624
hurdle_panel,0.02,0.0025,4.510889032554487,56.00334107098217
hurdle_panel,0.02,0.005,4.5108845923334195,56.00334107098217
hurdle_panel,0.02,0.01,4.510882767133796,56.00334107098217
hurdle_panel,0.02,0.02,4.510876673391057,56.00334107098217
hurdle_panel,0.02,0.05,4.510903662989642,56.00638858983913
hurdle_panel,0.02,0.1,4.510885722091925,56.00638858983913
hurdle_panel,0.02,0.2,4.510859765277413,56.00638858983913
hurdle_panel,0.02,0.3,4.511051149262625,56.02602630177181
hurdle_panel,0.02,0.5,4.510973862239661,56.02602630177181
hurdle_panel,0.02,inf,4.510973862239661,56.02602630177181
hurdle_panel,0.05,0.0025,4.511680116921507,56.078897001152455
hurdle_panel,0.05,0.005,4.511675676700439,56.078897001152455
hurdle_panel,0.05,0.01,4.511673851500816,56.078897001152455
hurdle_panel,0.05,0.02,4.511667757758078,56.078897001152455
hurdle_panel,0.05,0.05,4.511694747356662,56.08194452000943
hurdle_panel,0.05,0.1,4.5116768064589445,56.08194452000943
hurdle_panel,0.05,0.2,4.511650849644433,56.08194452000943
hurdle_panel,0.05,0.3,4.511842233629644,56.101582231942096
hurdle_panel,0.05,0.5,4.5117649466066805,56.101582231942096
hurdle_panel,0.05,inf,4.5117649466066805,56.101582231942096
hurdle_panel,0.1,0.0025,4.5134626452873885,56.349371099097986
hurdle_panel,0.1,0.005,4.5134582050663195,56.349371099097986
hurdle_panel,0.1,0.01,4.513456379866697,56.349371099097986
hurdle_panel,0.1,0.02,4.513450286123959,56.349371099097986
hurdle_panel,0.1,0.05,4.513477275722543,56.35241861795496
hurdle_panel,0.1,0.1,4.513459334824825,56.35241861795496
hurdle_panel,0.1,0.2,4.513433378010314,56.35241861795496
hurdle_panel,0.1,0.3,4.5136247619955245,56.37205632988763
hurdle_panel,0.1,0.5,4.513547474972561,56.37205632988763
hurdle_panel,0.1,inf,4.513547474972561,56.37205632988763
hurdle_panel,0.2,0.0025,4.517710011585916,57.214456152285436
hurdle_panel,0.2,0.005,4.517705571364848,57.214456152285436
hurdle_panel,0.2,0.01,4.517703746165225,57.214456152285436
hurdle_panel,0.2,0.02,4.517697652422486,57.214456152285436
hurdle_panel,0.2,0.05,4.517724642021071,57.21750367114242
hurdle_panel,0.2,0.1,4.517706701123354,57.21750367114242
hurdle_panel,0.2,0.2,4.517680744308842,57.21750367114242
hurdle_panel,0.2,0.3,4.517872128294053,57.237141383075084
hurdle_panel,0.2,0.5,4.5177948412710895,57.237141383075084
hurdle_panel,0.2,inf,4.5177948412710895,57.237141383075084
hurdle_panel,0.3,0.0025,4.523845858049949,58.4214868654835
hurdle_panel,0.3,0.005,4.523841417828881,58.4214868654835
hurdle_panel,0.3,0.01,4.523839592629258,58.4214868654835
hurdle_panel,0.3,0.02,4.52383349888652,58.4214868654835
hurdle_panel,0.3,0.05,4.523860488485105,58.42453438434048
hurdle_panel,0.3,0.1,4.523842547587386,58.42453438434048
hurdle_panel,0.3,0.2,4.523816590772875,58.42453438434048
hurdle_panel,0.3,0.3,4.524007974758087,58.44417209627315
hurdle_panel,0.3,0.5,4.523930687735122,58.44417209627315
hurdle_panel,0.3,inf,4.523930687735122,58.44417209627315
hurdle_panel,0.5,0.0025,4.541097882824418,60.88508296281029
hurdle_panel,0.5,0.005,4.5410934426033505,60.88508296281029
hurdle_panel,0.5,0.01,4.541091617403727,60.88508296281029
hurdle_panel,0.5,0.02,4.541085523660988,60.88508296281029
hurdle_panel,0.5,0.05,4.5411125132595735,60.88813048166726
hurdle_panel,0.5,0.1,4.541094572361856,60.88813048166726
hurdle_panel,0.5,0.2,4.541068615547344,60.88813048166726
hurdle_panel,0.5,0.3,4.5412599995325555,60.90776819359993
hurdle_panel,0.5,0.5,4.541182712509592,60.90776819359993
hurdle_panel,0.5,inf,4.541182712509592,60.90776819359993
hurdle_panel,inf,0.0025,4.5498705922956475,62.32766702940061
hurdle_panel,inf,0.005,4.54986615207458,62.32766702940061
hurdle_panel,inf,0.01,4.549864326874957,62.32766702940061
hurdle_panel,inf,0.02,4.549858233132218,62.32766702940061
hurdle_panel,inf,0.05,4.549885222730803,62.330714548257575
hurdle_panel,inf,0.1,4.549867281833086,62.330714548257575
hurdle_panel,inf,0.2,4.549841325018574,62.330714548257575
hurdle_panel,inf,0.3,4.550032709003785,62.35035226019025
hurdle_panel,inf,0.5,4.549955421980821,62.35035226019025
hurdle_panel,inf,inf,4.549955421980821,62.35035226019025
hurdle_weather,0.0025,0.0025,4.512870073850588,56.42105473328497
hurdle_weather,0.0025,0.005,4.512865876797662,56.42105473328497
hurdle_weather,0.0025,0.01,4.512858226408499,56.42105473328497
hurdle_weather,0.0025,0.02,4.512858226408499,56.42105473328497
hurdle_weather,0.0025,0.05,4.512858226408499,56.42105473328497
hurdle_weather,0.0025,0.1,4.512884784254006,56.42377980622693
hurdle_weather,0.0025,0.2,4.51285046137974,56.42377980622693
hurdle_weather,0.0025,0.3,4.51285046137974,56.42377980622693
hurdle_weather,0.0025,0.5,4.51285046137974,56.42377980622693
hurdle_weather,0.0025,inf,4.51285046137974,56.42377980622693
hurdle_weather,0.005,0.0025,4.512786710400327,56.422574897567884
hurdle_weather,0.005,0.005,4.512782513347401,56.422574897567884
hurdle_weather,0.005,0.01,4.5127748629582385,56.422574897567884
hurdle_weather,0.005,0.02,4.5127748629582385,56.422574897567884
hurdle_weather,0.005,0.05,4.5127748629582385,56.422574897567884
hurdle_weather,0.005,0.1,4.512801420803745,56.42529997050985
hurdle_weather,0.005,0.2,4.512767097929481,56.42529997050985
hurdle_weather,0.005,0.3,4.512767097929481,56.42529997050985
hurdle_weather,0.005,0.5,4.512767097929481,56.42529997050985
hurdle_weather,0.005,inf,4.512767097929481,56.42529997050985
hurdle_weather,0.01,0.0025,4.512960624458624,56.43392861243732
hurdle_weather,0.01,0.005,4.512956427405697,56.43392861243732
hurdle_weather,0.01,0.01,4.512948777016534,56.43392861243732
hurdle_weather,0.01,0.02,4.512948777016534,56.43392861243732
hurdle_weather,0.01,0.05,4.512948777016534,56.43392861243732
hurdle_weather,0.01,0.1,4.512975334862042,56.43665368537928
hurdle_weather,0.01,0.2,4.512941011987777,56.43665368537928
hurdle_weather,0.01,0.3,4.512941011987777,56.43665368537928
hurdle_weather,0.01,0.5,4.512941011987777,56.43665368537928
hurdle_weather,0.01,inf,4.512941011987777,56.43665368537928
hurdle_weather,0.02,0.0025,4.513322490554795,56.462342417211126
hurdle_weather,0.02,0.005,4.513318293501868,56.462342417211126
hurdle_weather,0.02,0.01,4.513310643112705,56.462342417211126
hurdle_weather,0.02,0.02,4.513310643112705,56.462342417211126
hurdle_weather,0.02,0.05,4.513310643112705,56.462342417211126
hurdle_weather,0.02,0.1,4.513337200958213,56.46506749015308
hurdle_weather,0.02,0.2,4.513302878083948,56.46506749015308
hurdle_weather,0.02,0.3,4.513302878083948,56.46506749015308
hurdle_weather,0.02,0.5,4.513302878083948,56.46506749015308
hurdle_weather,0.02,inf,4.513302878083948,56.46506749015308
hurdle_weather,0.05,0.0025,4.5142437671928,56.5678157523134
hurdle_weather,0.05,0.005,4.514239570139873,56.5678157523134
hurdle_weather,0.05,0.01,4.514231919750711,56.5678157523134
hurdle_weather,0.05,0.02,4.514231919750711,56.5678157523134
hurdle_weather,0.05,0.05,4.514231919750711,56.5678157523134
hurdle_weather,0.05,0.1,4.5142584775962185,56.57054082525535
hurdle_weather,0.05,0.2,4.514224154721952,56.57054082525535
hurdle_weather,0.05,0.3,4.514224154721952,56.57054082525535
hurdle_weather,0.05,0.5,4.514224154721952,56.57054082525535
hurdle_weather,0.05,inf,4.514224154721952,56.57054082525535
hurdle_weather,0.1,0.0025,4.516124741792915,56.83590339018593
hurdle_weather,0.1,0.005,4.516120544739987,56.83590339018593
hurdle_weather,0.1,0.01,4.516112894350825,56.83590339018593
hurdle_weather,0.1,0.02,4.516112894350825,56.83590339018593
hurdle_weather,0.1,0.05,4.516112894350825,56.83590339018593
hurdle_weather,0.1,0.1,4.516139452196332,56.83862846312789
hurdle_weather,0.1,0.2,4.516105129322066,56.83862846312789
hurdle_weather,0.1,0.3,4.516105129322066,56.83862846312789
hurdle_weather,0.1,0.5,4.516105129322066,56.83862846312789
hurdle_weather,0.1,inf,4.516105129322066,56.83862846312789
hurdle_weather,0.2,0.0025,4.518785228751356,57.50855921366683
hurdle_weather,0.2,0.005,4.518781031698429,57.50855921366683
hurdle_weather,0.2,0.01,4.518773381309266,57.50855921366683
hurdle_weather,0.2,0.02,4.518773381309266,57.50855921366683
hurdle_weather,0.2,0.05,4.518773381309266,57.50855921366683
hurdle_weather,0.2,0.1,4.518799939154774,57.51128428660879
hurdle_weather,0.2,0.2,4.518765616280509,57.51128428660879
hurdle_weather,0.2,0.3,4.518765616280509,57.51128428660879
hurdle_weather,0.2,0.5,4.518765616280509,57.51128428660879
hurdle_weather,0.2,inf,4.518765616280509,57.51128428660879
hurdle_weather,0.3,0.0025,4.528766780661233,58.994502244205066
hurdle_weather,0.3,0.005,4.528762583608305,58.994502244205066
hurdle_weather,0.3,0.01,4.528754933219142,58.994502244205066
hurdle_weather,0.3,0.02,4.528754933219142,58.994502244205066
hurdle_weather,0.3,0.05,4.528754933219142,58.994502244205066
hurdle_weather,0.3,0.1,4.52878149106465,58.99722731714703
hurdle_weather,0.3,0.2,4.528747168190384,58.99722731714703
hurdle_weather,0.3,0.3,4.528747168190384,58.99722731714703
hurdle_weather,0.3,0.5,4.528747168190384,58.99722731714703
hurdle_weather,0.3,inf,4.528747168190384,58.99722731714703
hurdle_weather,0.5,0.0025,4.542334795348272,61.01711579386104
hurdle_weather,0.5,0.005,4.542330598295345,61.01711579386104
hurdle_weather,0.5,0.01,4.542322947906182,61.01711579386104
hurdle_weather,0.5,0.02,4.542322947906182,61.01711579386104
hurdle_weather,0.5,0.05,4.542322947906182,61.01711579386104
hurdle_weather,0.5,0.1,4.54234950575169,61.01984086680301
hurdle_weather,0.5,0.2,4.542315182877425,61.01984086680301
hurdle_weather,0.5,0.3,4.542315182877425,61.01984086680301
hurdle_weather,0.5,0.5,4.542315182877425,61.01984086680301
hurdle_weather,0.5,inf,4.542315182877425,61.01984086680301
hurdle_weather,inf,0.0025,4.549975034451669,62.347627187248285
hurdle_weather,inf,0.005,4.549970837398742,62.347627187248285
hurdle_weather,inf,0.01,4.549963187009579,62.347627187248285
hurdle_weather,inf,0.02,4.549963187009579,62.347627187248285
hurdle_weather,inf,0.05,4.549963187009579,62.347627187248285
hurdle_weather,inf,0.1,4.549989744855086,62.35035226019025
hurdle_weather,inf,0.2,4.549955421980821,62.35035226019025
hurdle_weather,inf,0.3,4.549955421980821,62.35035226019025
hurdle_weather,inf,0.5,4.549955421980821,62.35035226019025
hurdle_weather,inf,inf,4.549955421980821,62.35035226019025
hurdle_weather_predispatch,0.0025,0.0025,4.507520294172499,56.2737492406112
hurdle_weather_predispatch,0.0025,0.005,4.507521279782226,56.27396077134121
hurdle_weather_predispatch,0.0025,0.01,4.507518742545882,56.27396077134121
hurdle_weather_predispatch,0.0025,0.02,4.507517312556647,56.27396077134121
hurdle_weather_predispatch,0.0025,0.05,4.507517312556647,56.27396077134121
hurdle_weather_predispatch,0.0025,0.1,4.507550643735526,56.277380848984976
hurdle_weather_predispatch,0.0025,0.2,4.507524428671399,56.277380848984976
hurdle_weather_predispatch,0.0025,0.3,4.507524428671399,56.277380848984976
hurdle_weather_predispatch,0.0025,0.5,4.507524428671399,56.277380848984976
hurdle_weather_predispatch,0.0025,inf,4.507524428671399,56.277380848984976
hurdle_weather_predispatch,0.005,0.0025,4.50739566390791,56.274865568131
hurdle_weather_predispatch,0.005,0.005,4.507396649517637,56.275077098861004
hurdle_weather_predispatch,0.005,0.01,4.5073941122812915,56.275077098861004
hurdle_weather_predispatch,0.005,0.02,4.507392682292057,56.275077098861004
hurdle_weather_predispatch,0.005,0.05,4.507392682292057,56.275077098861004
hurdle_weather_predispatch,0.005,0.1,4.507426013470936,56.27849717650477
hurdle_weather_predispatch,0.005,0.2,4.5073997984068095,56.27849717650477
hurdle_weather_predispatch,0.005,0.3,4.5073997984068095,56.27849717650477
hurdle_weather_predispatch,0.005,0.5,4.5073997984068095,56.27849717650477
hurdle_weather_predispatch,0.005,inf,4.5073997984068095,56.27849717650477
hurdle_weather_predispatch,0.01,0.0025,4.507555896493723,56.28371869235687
hurdle_weather_predispatch,0.01,0.005,4.507556882103451,56.28393022308686
hurdle_weather_predispatch,0.01,0.01,4.507554344867106,56.28393022308686
hurdle_weather_predispatch,0.01,0.02,4.507552914877871,56.28393022308686
hurdle_weather_predispatch,0.01,0.05,4.507552914877871,56.28393022308686
hurdle_weather_predispatch,0.01,0.1,4.50758624605675,56.287350300730644
hurdle_weather_predispatch,0.01,0.2,4.507560030992623,56.287350300730644
hurdle_weather_predispatch,0.01,0.3,4.507560030992623,56.287350300730644
hurdle_weather_predispatch,0.01,0.5,4.507560030992623,56.287350300730644
hurdle_weather_predispatch,0.01,inf,4.507560030992623,56.287350300730644
hurdle_weather_predispatch,0.02,0.0025,4.507963344796248,56.31504848065329
hurdle_weather_predispatch,0.02,0.005,4.507964330405975,56.31526001138329
hurdle_weather_predispatch,0.02,0.01,4.507961793169629,56.31526001138329
hurdle_weather_predispatch,0.02,0.02,4.507960363180395,56.31526001138329
hurdle_weather_predispatch,0.02,0.05,4.507960363180395,56.31526001138329
hurdle_weather_predispatch,0.02,0.1,4.507993694359274,56.31868008902706
hurdle_weather_predispatch,0.02,0.2,4.507967479295147,56.31868008902706
hurdle_weather_predispatch,0.02,0.3,4.507967479295147,56.31868008902706
hurdle_weather_predispatch,0.02,0.5,4.507967479295147,56.31868008902706
hurdle_weather_predispatch,0.02,inf,4.507967479295147,56.31868008902706
hurdle_weather_predispatch,0.05,0.0025,4.509389077901984,56.4292467627017
hurdle_weather_predispatch,0.05,0.005,4.509390063511711,56.4294582934317
hurdle_weather_predispatch,0.05,0.01,4.509387526275366,56.4294582934317
hurdle_weather_predispatch,0.05,0.02,4.509386096286132,56.4294582934317
hurdle_weather_predispatch,0.05,0.05,4.509386096286132,56.4294582934317
hurdle_weather_predispatch,0.05,0.1,4.5094194274650095,56.432878371075475
hurdle_weather_predispatch,0.05,0.2,4.509393212400884,56.432878371075475
hurdle_weather_predispatch,0.05,0.3,4.509393212400884,56.432878371075475
hurdle_weather_predispatch,0.05,0.5,4.509393212400884,56.432878371075475
hurdle_weather_predispatch,0.05,inf,4.509393212400884,56.432878371075475
hurdle_weather_predispatch,0.1,0.0025,4.5105560834372564,56.64749327626667
hurdle_weather_predispatch,0.1,0.005,4.5105570690469845,56.647704806996664
hurdle_weather_predispatch,0.1,0.01,4.510554531810639,56.647704806996664
hurdle_weather_predispatch,0.1,0.02,4.5105531018214045,56.647704806996664
hurdle_weather_predispatch,0.1,0.05,4.5105531018214045,56.647704806996664
hurdle_weather_predispatch,0.1,0.1,4.510586433000284,56.65112488464045
hurdle_weather_predispatch,0.1,0.2,4.510560217936157,56.65112488464045
hurdle_weather_predispatch,0.1,0.3,4.510560217936157,56.65112488464045
hurdle_weather_predispatch,0.1,0.5,4.510560217936157,56.65112488464045
hurdle_weather_predispatch,0.1,inf,4.510560217936157,56.65112488464045
hurdle_weather_predispatch,0.2,0.0025,4.513562714512338,57.26000574977629
hurdle_weather_predispatch,0.2,0.005,4.513563700122064,57.26021728050629
hurdle_weather_predispatch,0.2,0.01,4.513561162885719,57.26021728050629
hurdle_weather_predispatch,0.2,0.02,4.513559732896486,57.26021728050629
hurdle_weather_predispatch,0.2,0.05,4.513559732896486,57.26021728050629
hurdle_weather_predispatch,0.2,0.1,4.513593064075365,57.26363735815006
hurdle_weather_predispatch,0.2,0.2,4.513566849011237,57.26363735815006
hurdle_weather_predispatch,0.2,0.3,4.513566849011237,57.26363735815006
hurdle_weather_predispatch,0.2,0.5,4.513566849011237,57.26363735815006
hurdle_weather_predispatch,0.2,inf,4.513566849011237,57.26363735815006
hurdle_weather_predispatch,0.3,0.0025,4.5243430009012595,58.87061928474866
hurdle_weather_predispatch,0.3,0.005,4.524343986510987,58.87083081547866
hurdle_weather_predispatch,0.3,0.01,4.524341449274641,58.87083081547866
hurdle_weather_predispatch,0.3,0.02,4.524340019285407,58.87083081547866
hurdle_weather_predispatch,0.3,0.05,4.524340019285407,58.87083081547866
hurdle_weather_predispatch,0.3,0.1,4.524373350464286,58.874250893122436
hurdle_weather_predispatch,0.3,0.2,4.524347135400159,58.874250893122436
hurdle_weather_predispatch,0.3,0.3,4.524347135400159,58.874250893122436
hurdle_weather_predispatch,0.3,0.5,4.524347135400159,58.874250893122436
hurdle_weather_predispatch,0.3,inf,4.524347135400159,58.874250893122436
hurdle_weather_predispatch,0.5,0.0025,4.538916423617294,60.88186867105714
hurdle_weather_predispatch,0.5,0.005,4.538917409227021,60.88208020178714
hurdle_weather_predispatch,0.5,0.01,4.538914871990676,60.88208020178714
hurdle_weather_predispatch,0.5,0.02,4.538913442001442,60.88208020178714
hurdle_weather_predispatch,0.5,0.05,4.538913442001442,60.88208020178714
hurdle_weather_predispatch,0.5,0.1,4.53894677318032,60.885500279430914
hurdle_weather_predispatch,0.5,0.2,4.538920558116193,60.885500279430914
hurdle_weather_predispatch,0.5,0.3,4.538920558116193,60.885500279430914
hurdle_weather_predispatch,0.5,0.5,4.538920558116193,60.885500279430914
hurdle_weather_predispatch,0.5,inf,4.538920558116193,60.885500279430914
hurdle_weather_predispatch,inf,0.0025,4.549951287481922,62.346720651816476
hurdle_weather_predispatch,inf,0.005,4.549952273091648,62.34693218254648
hurdle_weather_predispatch,inf,0.01,4.549949735855304,62.34693218254648
hurdle_weather_predispatch,inf,0.02,4.549948305866069,62.34693218254648
hurdle_weather_predispatch,inf,0.05,4.549948305866069,62.34693218254648
hurdle_weather_predispatch,inf,0.1,4.549981637044947,62.35035226019025
hurdle_weather_predispatch,inf,0.2,4.549955421980821,62.35035226019025
hurdle_weather_predispatch,inf,0.3,4.549955421980821,62.35035226019025
hurdle_weather_predispatch,inf,0.5,4.549955421980821,62.35035226019025
hurdle_weather_predispatch,inf,inf,4.549955421980821,62.35035226019025
hurdle_weather_predispatch_all,0.0025,0.0025,4.509056521547153,56.16949111809985
hurdle_weather_predispatch_all,0.0025,0.005,4.509055453328497,56.16949111809985
hurdle_weather_predispatch_all,0.0025,0.01,4.509055106510569,56.16949111809985
hurdle_weather_predispatch_all,0.0025,0.02,4.509055106510569,56.16949111809985
hurdle_weather_predispatch_all,0.0025,0.05,4.509067339521351,56.170746334629854
hurdle_weather_predispatch_all,0.0025,0.1,4.5090564604962475,56.170746334629854
hurdle_weather_predispatch_all,0.0025,0.2,4.5090564604962475,56.170746334629854
hurdle_weather_predispatch_all,0.0025,0.3,4.5090564604962475,56.170746334629854
hurdle_weather_predispatch_all,0.0025,0.5,4.5090564604962475,56.170746334629854
hurdle_weather_predispatch_all,0.0025,inf,4.5090564604962475,56.170746334629854
hurdle_weather_predispatch_all,0.005,0.0025,4.508923864112946,56.170939503329656
hurdle_weather_predispatch_all,0.005,0.005,4.50892279589429,56.170939503329656
hurdle_weather_predispatch_all,0.005,0.01,4.508922449076362,56.170939503329656
hurdle_weather_predispatch_all,0.005,0.02,4.508922449076362,56.170939503329656
hurdle_weather_predispatch_all,0.005,0.05,4.508934682087144,56.17219471985966
hurdle_weather_predispatch_all,0.005,0.1,4.508923803062041,56.17219471985966
hurdle_weather_predispatch_all,0.005,0.2,4.508923803062041,56.17219471985966
hurdle_weather_predispatch_all,0.005,0.3,4.508923803062041,56.17219471985966
hurdle_weather_predispatch_all,0.005,0.5,4.508923803062041,56.17219471985966
hurdle_weather_predispatch_all,0.005,inf,4.508923803062041,56.17219471985966
hurdle_weather_predispatch_all,0.01,0.0025,4.509079251002741,56.175406766459034
hurdle_weather_predispatch_all,0.01,0.005,4.509078182784086,56.175406766459034
hurdle_weather_predispatch_all,0.01,0.01,4.509077835966158,56.175406766459034
hurdle_weather_predispatch_all,0.01,0.02,4.509077835966158,56.175406766459034
hurdle_weather_predispatch_all,0.01,0.05,4.50909006897694,56.17666198298904
hurdle_weather_predispatch_all,0.01,0.1,4.509079189951837,56.17666198298904
hurdle_weather_predispatch_all,0.01,0.2,4.509079189951837,56.17666198298904
hurdle_weather_predispatch_all,0.01,0.3,4.509079189951837,56.17666198298904
hurdle_weather_predispatch_all,0.01,0.5,4.509079189951837,56.17666198298904
hurdle_weather_predispatch_all,0.01,inf,4.509079189951837,56.17666198298904
hurdle_weather_predispatch_all,0.02,0.0025,4.509568361867325,56.21093272799183
hurdle_weather_predispatch_all,0.02,0.005,4.50956729364867,56.21093272799183
hurdle_weather_predispatch_all,0.02,0.01,4.509566946830741,56.21093272799183
hurdle_weather_predispatch_all,0.02,0.02,4.509566946830741,56.21093272799183
hurdle_weather_predispatch_all,0.02,0.05,4.509579179841524,56.21218794452184
hurdle_weather_predispatch_all,0.02,0.1,4.509568300816421,56.21218794452184
hurdle_weather_predispatch_all,0.02,0.2,4.509568300816421,56.21218794452184
hurdle_weather_predispatch_all,0.02,0.3,4.509568300816421,56.21218794452184
hurdle_weather_predispatch_all,0.02,0.5,4.509568300816421,56.21218794452184
hurdle_weather_predispatch_all,0.02,inf,4.509568300816421,56.21218794452184
hurdle_weather_predispatch_all,0.05,0.0025,4.510916079739711,56.32413075284998
hurdle_weather_predispatch_all,0.05,0.005,4.510915011521056,56.32413075284998
hurdle_weather_predispatch_all,0.05,0.01,4.510914664703126,56.32413075284998
hurdle_weather_predispatch_all,0.05,0.02,4.510914664703126,56.32413075284998
hurdle_weather_predispatch_all,0.05,0.05,4.51092689771391,56.32538596937999
hurdle_weather_predispatch_all,0.05,0.1,4.510916018688806,56.32538596937999
hurdle_weather_predispatch_all,0.05,0.2,4.510916018688806,56.32538596937999
hurdle_weather_predispatch_all,0.05,0.3,4.510916018688806,56.32538596937999
hurdle_weather_predispatch_all,0.05,0.5,4.510916018688806,56.32538596937999
hurdle_weather_predispatch_all,0.05,inf,4.510916018688806,56.32538596937999
hurdle_weather_predispatch_all,0.1,0.0025,4.512219965210517,56.54450845220768
hurdle_weather_predispatch_all,0.1,0.005,4.512218896991862,56.54450845220768
hurdle_weather_predispatch_all,0.1,0.01,4.512218550173934,56.54450845220768
hurdle_weather_predispatch_all,0.1,0.02,4.512218550173934,56.54450845220768
hurdle_weather_predispatch_all,0.1,0.05,4.512230783184716,56.54576366873769
hurdle_weather_predispatch_all,0.1,0.1,4.512219904159614,56.54576366873769
hurdle_weather_predispatch_all,0.1,0.2,4.512219904159614,56.54576366873769
hurdle_weather_predispatch_all,0.1,0.3,4.512219904159614,56.54576366873769
hurdle_weather_predispatch_all,0.1,0.5,4.512219904159614,56.54576366873769
hurdle_weather_predispatch_all,0.1,inf,4.512219904159614,56.54576366873769
hurdle_weather_predispatch_all,0.2,0.0025,4.514862387052551,57.12822861750893
hurdle_weather_predispatch_all,0.2,0.005,4.514861318833896,57.12822861750893
hurdle_weather_predispatch_all,0.2,0.01,4.514860972015968,57.12822861750893
hurdle_weather_predispatch_all,0.2,0.02,4.514860972015968,57.12822861750893
hurdle_weather_predispatch_all,0.2,0.05,4.51487320502675,57.129483834038936
hurdle_weather_predispatch_all,0.2,0.1,4.514862326001647,57.129483834038936
hurdle_weather_predispatch_all,0.2,0.2,4.514862326001647,57.129483834038936
hurdle_weather_predispatch_all,0.2,0.3,4.514862326001647,57.129483834038936
hurdle_weather_predispatch_all,0.2,0.5,4.514862326001647,57.129483834038936
hurdle_weather_predispatch_all,0.2,inf,4.514862326001647,57.129483834038936
hurdle_weather_predispatch_all,0.3,0.0025,4.524316899786429,58.69574469991089
hurdle_weather_predispatch_all,0.3,0.005,4.524315831567774,58.69574469991089
hurdle_weather_predispatch_all,0.3,0.01,4.524315484749845,58.69574469991089
hurdle_weather_predispatch_all,0.3,0.02,4.524315484749845,58.69574469991089
hurdle_weather_predispatch_all,0.3,0.05,4.524327717760628,58.696999916440895
hurdle_weather_predispatch_all,0.3,0.1,4.524316838735525,58.696999916440895
hurdle_weather_predispatch_all,0.3,0.2,4.524316838735525,58.696999916440895
hurdle_weather_predispatch_all,0.3,0.3,4.524316838735525,58.696999916440895
hurdle_weather_predispatch_all,0.3,0.5,4.524316838735525,58.696999916440895
hurdle_weather_predispatch_all,0.3,inf,4.524316838735525,58.696999916440895
hurdle_weather_predispatch_all,0.5,0.0025,4.53915043435196,60.85501479564311
hurdle_weather_predispatch_all,0.5,0.005,4.539149366133304,60.85501479564311
hurdle_weather_predispatch_all,0.5,0.01,4.539149019315376,60.85501479564311
hurdle_weather_predispatch_all,0.5,0.02,4.539149019315376,60.85501479564311
hurdle_weather_predispatch_all,0.5,0.05,4.539161252326158,60.85627001217311
hurdle_weather_predispatch_all,0.5,0.1,4.539150373301055,60.85627001217311
hurdle_weather_predispatch_all,0.5,0.2,4.539150373301055,60.85627001217311
hurdle_weather_predispatch_all,0.5,0.3,4.539150373301055,60.85627001217311
hurdle_weather_predispatch_all,0.5,0.5,4.539150373301055,60.85627001217311
hurdle_weather_predispatch_all,0.5,inf,4.539150373301055,60.85627001217311
hurdle_weather_predispatch_all,inf,0.0025,4.5499554830317255,62.349097043660244
hurdle_weather_predispatch_all,inf,0.005,4.549954414813071,62.349097043660244
hurdle_weather_predispatch_all,inf,0.01,4.549954067995142,62.349097043660244
hurdle_weather_predispatch_all,inf,0.02,4.549954067995142,62.349097043660244
hurdle_weather_predispatch_all,inf,0.05,4.549966301005925,62.35035226019025
hurdle_weather_predispatch_all,inf,0.1,4.549955421980821,62.35035226019025
hurdle_weather_predispatch_all,inf,0.2,4.549955421980821,62.35035226019025
hurdle_weather_predispatch_all,inf,0.3,4.549955421980821,62.35035226019025
hurdle_weather_predispatch_all,inf,0.5,4.549955421980821,62.35035226019025
hurdle_weather_predispatch_all,inf,inf,4.549955421980821,62.35035226019025
hurdle_weather_predispatch_half,0.0025,0.0025,4.507953870394805,56.31764046719257
hurdle_weather_predispatch_half,0.0025,0.005,4.50795370609415,56.31764046719257
hurdle_weather_predispatch_half,0.0025,0.01,4.50795370609415,56.31764046719257
hurdle_weather_predispatch_half,0.0025,0.02,4.507958577399108,56.31822396849617
hurdle_weather_predispatch_half,0.0025,0.05,4.507958353365192,56.31822396849617
hurdle_weather_predispatch_half,0.0025,0.1,4.507949730143422,56.31822396849617
hurdle_weather_predispatch_half,0.0025,0.2,4.507949730143422,56.31822396849617
hurdle_weather_predispatch_half,0.0025,0.3,4.507949730143422,56.31822396849617
hurdle_weather_predispatch_half,0.0025,0.5,4.507949730143422,56.31822396849617
hurdle_weather_predispatch_half,0.0025,inf,4.507949730143422,56.31822396849617
hurdle_weather_predispatch_half,0.005,0.0025,4.507821898785635,56.318395558709895
hurdle_weather_predispatch_half,0.005,0.005,4.50782173448498,56.318395558709895
hurdle_weather_predispatch_half,0.005,0.01,4.50782173448498,56.318395558709895
hurdle_weather_predispatch_half,0.005,0.02,4.507826605789939,56.31897906001351
hurdle_weather_predispatch_half,0.005,0.05,4.507826381756022,56.31897906001351
hurdle_weather_predispatch_half,0.005,0.1,4.5078177585342525,56.31897906001351
hurdle_weather_predispatch_half,0.005,0.2,4.5078177585342525,56.31897906001351
hurdle_weather_predispatch_half,0.005,0.3,4.5078177585342525,56.31897906001351
hurdle_weather_predispatch_half,0.005,0.5,4.5078177585342525,56.31897906001351
hurdle_weather_predispatch_half,0.005,inf,4.5078177585342525,56.31897906001351
hurdle_weather_predispatch_half,0.01,0.0025,4.507969346693842,56.32690625381338
hurdle_weather_predispatch_half,0.01,0.005,4.507969182393188,56.32690625381338
hurdle_weather_predispatch_half,0.01,0.01,4.507969182393188,56.32690625381338
hurdle_weather_predispatch_half,0.01,0.02,4.507974053698146,56.32748975511699
hurdle_weather_predispatch_half,0.01,0.05,4.507973829664229,56.32748975511699
hurdle_weather_predispatch_half,0.01,0.1,4.507965206442459,56.32748975511699
hurdle_weather_predispatch_half,0.01,0.2,4.507965206442459,56.32748975511699
hurdle_weather_predispatch_half,0.01,0.3,4.507965206442459,56.32748975511699
hurdle_weather_predispatch_half,0.01,0.5,4.507965206442459,56.32748975511699
hurdle_weather_predispatch_half,0.01,inf,4.507965206442459,56.32748975511699
hurdle_weather_predispatch_half,0.02,0.0025,4.5082391046226205,56.344152150013265
hurdle_weather_predispatch_half,0.02,0.005,4.508238940321966,56.344152150013265
hurdle_weather_predispatch_half,0.02,0.01,4.508238940321966,56.344152150013265
hurdle_weather_predispatch_half,0.02,0.02,4.508243811626924,56.34473565131688
hurdle_weather_predispatch_half,0.02,0.05,4.508243587593007,56.34473565131688
hurdle_weather_predispatch_half,0.02,0.1,4.508234964371239,56.34473565131688
hurdle_weather_predispatch_half,0.02,0.2,4.508234964371239,56.34473565131688
hurdle_weather_predispatch_half,0.02,0.3,4.508234964371239,56.34473565131688
hurdle_weather_predispatch_half,0.02,0.5,4.508234964371239,56.34473565131688
hurdle_weather_predispatch_half,0.02,inf,4.508234964371239,56.34473565131688
hurdle_weather_predispatch_half,0.05,0.0025,4.509900383961447,56.47267947624991
hurdle_weather_predispatch_half,0.05,0.005,4.509900219660793,56.47267947624991
hurdle_weather_predispatch_half,0.05,0.01,4.509900219660793,56.47267947624991
hurdle_weather_predispatch_half,0.05,0.02,4.509905090965751,56.473262977553524
hurdle_weather_predispatch_half,0.05,0.05,4.509904866931834,56.473262977553524
hurdle_weather_predispatch_half,0.05,0.1,4.509896243710064,56.473262977553524
hurdle_weather_predispatch_half,0.05,0.2,4.509896243710064,56.473262977553524
hurdle_weather_predispatch_half,0.05,0.3,4.509896243710064,56.473262977553524
hurdle_weather_predispatch_half,0.05,0.5,4.509896243710064,56.473262977553524
hurdle_weather_predispatch_half,0.05,inf,4.509896243710064,56.473262977553524
hurdle_weather_predispatch_half,0.1,0.0025,4.511548637764995,56.73368845552781
hurdle_weather_predispatch_half,0.1,0.005,4.511548473464341,56.73368845552781
hurdle_weather_predispatch_half,0.1,0.01,4.511548473464341,56.73368845552781
hurdle_weather_predispatch_half,0.1,0.02,4.511553344769299,56.73427195683142
hurdle_weather_predispatch_half,0.1,0.05,4.511553120735382,56.73427195683142
hurdle_weather_predispatch_half,0.1,0.1,4.511544497513612,56.73427195683142
hurdle_weather_predispatch_half,0.1,0.2,4.511544497513612,56.73427195683142
hurdle_weather_predispatch_half,0.1,0.3,4.511544497513612,56.73427195683142
hurdle_weather_predispatch_half,0.1,0.5,4.511544497513612,56.73427195683142
hurdle_weather_predispatch_half,0.1,inf,4.511544497513612,56.73427195683142
hurdle_weather_predispatch_half,0.2,0.0025,4.513860132139536,57.33530795590505
hurdle_weather_predispatch_half,0.2,0.005,4.513859967838881,57.33530795590505
hurdle_weather_predispatch_half,0.2,0.01,4.513859967838881,57.33530795590505
hurdle_weather_predispatch_half,0.2,0.02,4.51386483914384,57.335891457208675
hurdle_weather_predispatch_half,0.2,0.05,4.513864615109923,57.335891457208675
hurdle_weather_predispatch_half,0.2,0.1,4.513855991888153,57.335891457208675
hurdle_weather_predispatch_half,0.2,0.2,4.513855991888153,57.335891457208675
hurdle_weather_predispatch_half,0.2,0.3,4.513855991888153,57.335891457208675
hurdle_weather_predispatch_half,0.2,0.5,4.513855991888153,57.335891457208675
hurdle_weather_predispatch_half,0.2,inf,4.513855991888153,57.335891457208675
hurdle_weather_predispatch_half,0.3,0.0025,4.523516363450669,58.752103441094874
hurdle_weather_predispatch_half,0.3,0.005,4.523516199150015,58.752103441094874
hurdle_weather_predispatch_half,0.3,0.01,4.523516199150015,58.752103441094874
hurdle_weather_predispatch_half,0.3,0.02,4.523521070454973,58.75268694239848
hurdle_weather_predispatch_half,0.3,0.05,4.523520846421056,58.75268694239848
hurdle_weather_predispatch_half,0.3,0.1,4.523512223199287,58.75268694239848
hurdle_weather_predispatch_half,0.3,0.2,4.523512223199287,58.75268694239848
hurdle_weather_predispatch_half,0.3,0.3,4.523512223199287,58.75268694239848
hurdle_weather_predispatch_half,0.3,0.5,4.523512223199287,58.75268694239848
hurdle_weather_predispatch_half,0.3,inf,4.523512223199287,58.75268694239848
hurdle_weather_predispatch_half,0.5,0.0025,4.540745517505687,61.01952764764191
hurdle_weather_predispatch_half,0.5,0.005,4.540745353205032,61.01952764764191
hurdle_weather_predispatch_half,0.5,0.01,4.540745353205032,61.01952764764191
hurdle_weather_predispatch_half,0.5,0.02,4.540750224509991,61.02011114894552
hurdle_weather_predispatch_half,0.5,0.05,4.5407500004760735,61.02011114894552
hurdle_weather_predispatch_half,0.5,0.1,4.540741377254304,61.02011114894552
hurdle_weather_predispatch_half,0.5,0.2,4.540741377254304,61.02011114894552
hurdle_weather_predispatch_half,0.5,0.3,4.540741377254304,61.02011114894552
hurdle_weather_predispatch_half,0.5,0.5,4.540741377254304,61.02011114894552
hurdle_weather_predispatch_half,0.5,inf,4.540741377254304,61.02011114894552
hurdle_weather_predispatch_half,inf,0.0025,4.549959562232203,62.349768758886626
hurdle_weather_predispatch_half,inf,0.005,4.549959397931549,62.349768758886626
hurdle_weather_predispatch_half,inf,0.01,4.549959397931549,62.349768758886626
hurdle_weather_predispatch_half,inf,0.02,4.549964269236507,62.35035226019025
hurdle_weather_predispatch_half,inf,0.05,4.54996404520259,62.35035226019025
hurdle_weather_predispatch_half,inf,0.1,4.549955421980821,62.35035226019025
hurdle_weather_predispatch_half,inf,0.2,4.549955421980821,62.35035226019025
hurdle_weather_predispatch_half,inf,0.3,4.549955421980821,62.35035226019025
hurdle_weather_predispatch_half,inf,0.5,4.549955421980821,62.35035226019025
hurdle_weather_predispatch_half,inf,inf,4.549955421980821,62.35035226019025
hurdle_panel_path,0.0025,0.0025,4.50724009579981,55.90835477253097
hurdle_panel_path,0.0025,0.005,4.507238593733167,55.90835477253097
hurdle_panel_path,0.0025,0.01,4.507233760149659,55.90835477253097
hurdle_panel_path,0.0025,0.02,4.507226622683073,55.90835477253097
hurdle_panel_path,0.0025,0.05,4.507242326018881,55.91024757001516
hurdle_panel_path,0.0025,0.1,4.507242326018881,55.91024757001516
hurdle_panel_path,0.0025,0.2,4.507235580001244,55.91024757001516
hurdle_panel_path,0.0025,0.3,4.507235580001244,55.91024757001516
hurdle_panel_path,0.0025,0.5,4.507235580001244,55.91024757001516
hurdle_panel_path,0.0025,inf,4.507348603649985,55.94727105262784
hurdle_panel_path,0.005,0.0025,4.507171663414614,55.90969647107734
hurdle_panel_path,0.005,0.005,4.50717016134797,55.90969647107734
hurdle_panel_path,0.005,0.01,4.507165327764463,55.90969647107734
hurdle_panel_path,0.005,0.02,4.507158190297877,55.90969647107734
hurdle_panel_path,0.005,0.05,4.507173893633685,55.91158926856152
hurdle_panel_path,0.005,0.1,4.507173893633685,55.91158926856152
hurdle_panel_path,0.005,0.2,4.507167147616048,55.91158926856152
hurdle_panel_path,0.005,0.3,4.507167147616048,55.91158926856152
hurdle_panel_path,0.005,0.5,4.507167147616048,55.91158926856152
hurdle_panel_path,0.005,inf,4.507280171264789,55.948612751174196
hurdle_panel_path,0.01,0.0025,4.507273202273821,55.915429742343676
hurdle_panel_path,0.01,0.005,4.507271700207178,55.915429742343676
hurdle_panel_path,0.01,0.01,4.507266866623671,55.915429742343676
hurdle_panel_path,0.01,0.02,4.507259729157084,55.915429742343676
hurdle_panel_path,0.01,0.05,4.507275432492893,55.917322539827865
hurdle_panel_path,0.01,0.1,4.507275432492893,55.917322539827865
hurdle_panel_path,0.01,0.2,4.507268686475256,55.917322539827865
hurdle_panel_path,0.01,0.3,4.507268686475256,55.917322539827865
hurdle_panel_path,0.01,0.5,4.507268686475256,55.917322539827865
hurdle_panel_path,0.01,inf,4.507381710123997,55.95434602244054
hurdle_panel_path,0.02,0.0025,4.507496757539647,55.93459347971587
hurdle_panel_path,0.02,0.005,4.507495255473002,55.93459347971587
hurdle_panel_path,0.02,0.01,4.5074904218894964,55.93459347971587
hurdle_panel_path,0.02,0.02,4.50748328442291,55.93459347971587
hurdle_panel_path,0.02,0.05,4.5074989877587175,55.93648627720005
hurdle_panel_path,0.02,0.1,4.5074989877587175,55.93648627720005
hurdle_panel_path,0.02,0.2,4.5074922417410805,55.93648627720005
hurdle_panel_path,0.02,0.3,4.5074922417410805,55.93648627720005
hurdle_panel_path,0.02,0.5,4.5074922417410805,55.93648627720005
hurdle_panel_path,0.02,inf,4.507605265389821,55.97350975981273
hurdle_panel_path,0.05,0.0025,4.5081768417567805,56.01334547336686
hurdle_panel_path,0.05,0.005,4.508175339690138,56.01334547336686
hurdle_panel_path,0.05,0.01,4.50817050610663,56.01334547336686
hurdle_panel_path,0.05,0.02,4.5081633686400435,56.01334547336686
hurdle_panel_path,0.05,0.05,4.508179071975851,56.01523827085106
hurdle_panel_path,0.05,0.1,4.508179071975851,56.01523827085106
hurdle_panel_path,0.05,0.2,4.508172325958215,56.01523827085106
hurdle_panel_path,0.05,0.3,4.508172325958215,56.01523827085106
hurdle_panel_path,0.05,0.5,4.508172325958215,56.01523827085106
hurdle_panel_path,0.05,inf,4.508285349606956,56.05226175346373
hurdle_panel_path,0.1,0.0025,4.509324169776797,56.231676105695946
hurdle_panel_path,0.1,0.005,4.509322667710155,56.231676105695946
hurdle_panel_path,0.1,0.01,4.509317834126647,56.231676105695946
hurdle_panel_path,0.1,0.02,4.5093106966600605,56.231676105695946
hurdle_panel_path,0.1,0.05,4.509326399995869,56.233568903180135
hurdle_panel_path,0.1,0.1,4.509326399995869,56.233568903180135
hurdle_panel_path,0.1,0.2,4.509319653978231,56.233568903180135
hurdle_panel_path,0.1,0.3,4.509319653978231,56.233568903180135
hurdle_panel_path,0.1,0.5,4.509319653978231,56.233568903180135
hurdle_panel_path,0.1,inf,4.509432677626973,56.27059238579281
hurdle_panel_path,0.2,0.0025,4.513397034383616,57.01381167786124
hurdle_panel_path,0.2,0.005,4.513395532316973,57.01381167786124
hurdle_panel_path,0.2,0.01,4.513390698733465,57.01381167786124
hurdle_panel_path,0.2,0.02,4.5133835612668785,57.01381167786124
hurdle_panel_path,0.2,0.05,4.513399264602687,57.01570447534542
hurdle_panel_path,0.2,0.1,4.513399264602687,57.01570447534542
hurdle_panel_path,0.2,0.2,4.51339251858505,57.01570447534542
hurdle_panel_path,0.2,0.3,4.51339251858505,57.01570447534542
hurdle_panel_path,0.2,0.5,4.51339251858505,57.01570447534542
hurdle_panel_path,0.2,inf,4.513505542233791,57.0527279579581
hurdle_panel_path,0.3,0.0025,4.518344382543548,58.0068341562365
hurdle_panel_path,0.3,0.005,4.5183428804769035,58.0068341562365
hurdle_panel_path,0.3,0.01,4.518338046893396,58.0068341562365
hurdle_panel_path,0.3,0.02,4.518330909426809,58.0068341562365
hurdle_panel_path,0.3,0.05,4.518346612762618,58.00872695372069
hurdle_panel_path,0.3,0.1,4.518346612762618,58.00872695372069
hurdle_panel_path,0.3,0.2,4.518339866744982,58.00872695372069
hurdle_panel_path,0.3,0.3,4.518339866744982,58.00872695372069
hurdle_panel_path,0.3,0.5,4.518339866744982,58.00872695372069
hurdle_panel_path,0.3,inf,4.518452890393721,58.045750436333364
hurdle_panel_path,0.5,0.0025,4.539759106474975,60.665494681769346
hurdle_panel_path,0.5,0.005,4.539757604408331,60.665494681769346
hurdle_panel_path,0.5,0.01,4.539752770824825,60.665494681769346
hurdle_panel_path,0.5,0.02,4.539745633358239,60.665494681769346
hurdle_panel_path,0.5,0.05,4.539761336694046,60.66738747925353
hurdle_panel_path,0.5,0.1,4.539761336694046,60.66738747925353
hurdle_panel_path,0.5,0.2,4.539754590676409,60.66738747925353
hurdle_panel_path,0.5,0.3,4.539754590676409,60.66738747925353
hurdle_panel_path,0.5,0.5,4.539754590676409,60.66738747925353
hurdle_panel_path,0.5,inf,4.53986761432515,60.7044109618662
hurdle_panel_path,inf,0.0025,4.549846914130647,62.31143598009339
hurdle_panel_path,inf,0.005,4.549845412064004,62.31143598009339
hurdle_panel_path,inf,0.01,4.549840578480496,62.31143598009339
hurdle_panel_path,inf,0.02,4.549833441013909,62.31143598009339
hurdle_panel_path,inf,0.05,4.549849144349717,62.313328777577574
hurdle_panel_path,inf,0.1,4.549849144349717,62.313328777577574
hurdle_panel_path,inf,0.2,4.549842398332081,62.313328777577574
hurdle_panel_path,inf,0.3,4.549842398332081,62.313328777577574
hurdle_panel_path,inf,0.5,4.549842398332081,62.313328777577574
hurdle_panel_path,inf,inf,4.549955421980821,62.35035226019025
