tau,intercept,lightgbm,persistence_5m
0.025,-15.162079289217573,0.7458800159413381,0.14038699303219673
0.05,-10.559859682211949,0.6722340579990395,0.2746820807244095
0.1,-6.808337763377002,0.5526884596920282,0.43435415762560214
0.25,-2.552786720243184,0.3691905602736939,0.6345464992775176
0.5,-0.12209052905299737,0.15962267028419766,0.8425166840159434
0.75,2.185556790907784,0.3810066631275872,0.6201488121969352
0.9,5.813098833640695,0.5815593757284507,0.43998363916273425
0.95,8.697763211787272,0.6986337610701954,0.36870975052637345
0.975,12.091809239278843,0.8979350711164732,0.24560691783446612
