method,nominal_coverage,empirical_coverage,mean_width,median_width,mean_winkler,coverage_gap
Split conformal,0.5,0.5601382133503532,6.882181134478601,6.8821811344786,21.819437634364892,0.06013821335035319
Split conformal,0.8,0.8401522987873319,17.26975358467297,17.26975358467297,40.884456955603945,0.04015229878733184
Split conformal,0.9,0.9168739133305456,28.295462048773008,28.295462048773004,63.070696220432986,0.016873913330545554
Split conformal,0.95,0.9497986222681956,43.22366313977045,43.22366313977045,93.5828727729265,-0.00020137773180439744
Normalized split,0.5,0.5046988137421045,8.479527973517634,6.421483617625142,20.333913073386423,0.004698813742104457
Normalized split,0.8,0.806985496401611,18.544835277915396,14.043866156300865,32.07472048103208,0.006985496401610947
Normalized split,0.9,0.9042410370402976,27.43796987049839,20.77857099765032,42.80057250152838,0.004241037040297546
Normalized split,0.95,0.9512951999471796,37.32529725332377,28.266170662301363,54.61116138616605,0.0012951999471796372
CQR,0.8,0.810947025551863,23.37789710604387,14.368092035170733,34.043040309206916,0.010947025551862999
CQR,0.9,0.9188546779056715,41.20368324990158,24.41315766898508,50.66037731146873,0.018854677905671524
CQR,0.95,0.9667451636331624,59.12219974501071,36.66711516144106,66.01694255782694,0.016745163633162474
QRA,0.5,0.5526113079648745,4.546353560870767,4.46834296272354,17.891641181788046,0.052611307964874454
QRA,0.8,0.8600479785197086,16.893417184551037,16.396969354561392,33.813491059493046,0.060047978519708556
QRA,0.9,0.9517573783480423,33.59141737585179,32.368784159645514,52.637580993653664,0.05175737834804228
QRA,0.95,0.982789356691683,57.70268485163226,55.36859064690252,78.0514303185801,0.032789356691683036
