run_label,posted_awst,posted_minus_label_min,run_type
2026-10-08 07:30:00,2026-10-08 08:05:00,35.0,half_hour
2026-10-08 08:00:00,2026-10-08 08:35:00,35.0,even_hour
2026-10-08 08:30:00,2026-10-08 09:05:00,35.0,half_hour
2026-10-08 09:00:00,2026-10-08 09:35:00,35.0,odd_hour
2026-10-08 09:30:00,2026-10-08 10:05:00,35.0,half_hour
2026-10-08 10:00:00,2026-10-08 10:35:00,35.0,even_hour
2026-10-08 10:30:00,2026-10-08 11:05:00,35.0,half_hour
2026-10-08 11:00:00,2026-10-08 11:35:00,35.0,odd_hour
2026-10-08 11:30:00,2026-10-08 12:05:00,35.0,half_hour
2026-10-08 12:00:00,2026-10-08 12:35:00,35.0,even_hour
2026-10-08 12:30:00,2026-10-08 13:05:00,35.0,half_hour
2026-10-08 13:00:00,2026-10-08 13:35:00,35.0,odd_hour
2026-10-08 13:30:00,2026-10-08 14:05:00,35.0,half_hour
2026-10-08 14:00:00,2026-10-08 14:35:00,35.0,even_hour
2026-10-08 14:30:00,2026-10-08 15:05:00,35.0,half_hour
2026-10-08 15:00:00,2026-10-08 15:35:00,35.0,odd_hour
2026-10-08 15:30:00,2026-10-08 16:05:00,35.0,half_hour
2026-10-08 16:00:00,2026-10-08 16:35:00,35.0,even_hour
2026-10-08 16:30:00,2026-10-08 17:05:00,35.0,half_hour
2026-10-08 17:00:00,2026-10-08 17:35:00,35.0,odd_hour
2026-10-08 17:30:00,2026-10-08 18:05:00,35.0,half_hour
2026-10-08 18:00:00,2026-10-08 18:35:00,35.0,even_hour
2026-10-08 18:30:00,2026-10-08 19:05:00,35.0,half_hour
2026-10-08 19:00:00,2026-10-08 19:35:00,35.0,odd_hour
2026-10-08 19:30:00,2026-10-08 20:05:00,35.0,half_hour
