run_label,run_type
2023-10-02 15:00:00,odd_hour
2023-10-09 23:00:00,odd_hour
2023-10-30 13:00:00,odd_hour
2023-12-06 13:00:00,odd_hour
2023-12-07 14:00:00,even_hour
2023-12-12 13:00:00,odd_hour
2023-12-18 19:00:00,odd_hour
2023-12-18 20:00:00,even_hour
2023-12-19 16:00:00,even_hour
2023-12-19 17:00:00,odd_hour
2023-12-19 18:00:00,even_hour
2023-12-19 19:00:00,odd_hour
2023-12-19 20:00:00,even_hour
2023-12-19 21:00:00,odd_hour
2023-12-19 22:00:00,even_hour
2023-12-19 23:00:00,odd_hour
2023-12-20 00:00:00,even_hour
2023-12-20 01:00:00,odd_hour
2023-12-20 02:00:00,even_hour
2023-12-20 03:00:00,odd_hour
2023-12-20 04:00:00,even_hour
2023-12-20 05:00:00,odd_hour
2023-12-20 06:00:00,even_hour
2023-12-20 07:00:00,odd_hour
2023-12-20 08:00:00,even_hour
2023-12-20 09:00:00,odd_hour
2023-12-20 10:00:00,even_hour
2023-12-20 11:00:00,odd_hour
2023-12-20 13:00:00,odd_hour
2023-12-20 14:00:00,even_hour
2023-12-20 15:00:00,odd_hour
2023-12-20 16:00:00,even_hour
2023-12-20 17:00:00,odd_hour
2023-12-20 18:00:00,even_hour
2023-12-20 19:00:00,odd_hour
2023-12-20 20:00:00,even_hour
2023-12-20 21:00:00,odd_hour
2023-12-20 22:00:00,even_hour
2023-12-20 23:00:00,odd_hour
2023-12-21 00:00:00,even_hour
2023-12-21 01:00:00,odd_hour
2023-12-21 02:00:00,even_hour
2023-12-21 03:00:00,odd_hour
2023-12-21 04:00:00,even_hour
2023-12-21 05:00:00,odd_hour
2023-12-21 06:00:00,even_hour
2023-12-21 07:00:00,odd_hour
2023-12-21 08:00:00,even_hour
2024-01-05 10:00:00,even_hour
2024-02-14 18:00:00,even_hour
2024-02-14 20:00:00,even_hour
2024-02-17 22:00:00,even_hour
2024-02-18 01:00:00,odd_hour
2024-02-18 03:00:00,odd_hour
2024-02-18 13:00:00,odd_hour
2024-02-18 14:00:00,even_hour
2024-02-18 20:00:00,even_hour
2024-02-18 21:00:00,odd_hour
2024-02-19 09:00:00,odd_hour
2024-02-19 12:00:00,even_hour
2024-02-21 11:00:00,odd_hour
2024-02-22 10:00:00,even_hour
2024-02-22 11:00:00,odd_hour
2024-02-22 12:00:00,even_hour
2024-02-22 13:00:00,odd_hour
2024-02-22 14:00:00,even_hour
2024-02-22 15:00:00,odd_hour
2024-02-22 16:00:00,even_hour
2024-02-22 17:00:00,odd_hour
2024-02-22 18:00:00,even_hour
2024-02-22 19:00:00,odd_hour
2024-02-22 20:00:00,even_hour
2024-02-22 21:00:00,odd_hour
2024-02-22 22:00:00,even_hour
2024-02-22 23:00:00,odd_hour
2024-02-23 00:00:00,even_hour
2024-02-23 01:00:00,odd_hour
2024-02-23 02:00:00,even_hour
2024-02-23 03:00:00,odd_hour
2024-02-23 04:00:00,even_hour
2024-02-23 05:00:00,odd_hour
2024-02-23 06:00:00,even_hour
2024-02-23 07:00:00,odd_hour
2024-02-23 08:00:00,even_hour
2024-02-23 09:00:00,odd_hour
2024-02-23 10:00:00,even_hour
2024-02-23 11:00:00,odd_hour
2024-02-23 12:00:00,even_hour
2024-02-23 13:00:00,odd_hour
2024-03-01 15:00:00,odd_hour
2024-03-01 16:00:00,even_hour
2024-03-05 09:00:00,odd_hour
2024-03-07 10:00:00,even_hour
2024-03-07 12:00:00,even_hour
2024-03-15 13:00:00,odd_hour
2024-04-11 17:00:00,odd_hour
2024-04-11 18:00:00,even_hour
2024-04-11 19:00:00,odd_hour
2024-04-11 20:00:00,even_hour
2024-04-11 21:00:00,odd_hour
2024-04-18 11:00:00,odd_hour
2024-04-21 12:00:00,even_hour
2024-04-22 09:00:00,odd_hour
2024-04-30 22:00:00,even_hour
2024-05-02 11:00:00,odd_hour
2024-05-03 11:00:00,odd_hour
2024-05-09 16:00:00,even_hour
2024-06-04 09:00:00,odd_hour
2024-06-05 15:00:00,odd_hour
2024-06-14 04:00:00,even_hour
2024-07-07 01:00:00,odd_hour
2024-07-15 07:00:00,odd_hour
2024-07-16 11:00:00,odd_hour
2024-07-23 10:00:00,even_hour
2024-07-29 22:00:00,even_hour
2024-08-03 02:00:00,even_hour
2024-08-09 16:00:00,even_hour
2024-08-09 20:00:00,even_hour
2024-08-10 00:00:00,even_hour
2024-08-15 07:00:00,odd_hour
2024-08-16 04:00:00,even_hour
2024-08-16 12:00:00,even_hour
2024-08-18 08:00:00,even_hour
2024-08-19 21:00:00,odd_hour
2024-08-20 12:00:00,even_hour
2024-08-23 14:00:00,even_hour
2024-08-23 15:00:00,odd_hour
2024-08-24 03:00:00,odd_hour
2024-09-01 00:00:00,even_hour
2024-09-09 22:00:00,even_hour
2024-09-09 23:00:00,odd_hour
2024-09-10 16:00:00,even_hour
2024-09-11 12:00:00,even_hour
2024-09-12 01:00:00,odd_hour
2024-09-15 01:00:00,odd_hour
2024-09-22 21:00:00,odd_hour
2024-12-13 22:00:00,even_hour
2025-03-05 15:00:00,odd_hour
2025-06-08 19:00:00,odd_hour
2025-06-08 20:00:00,even_hour
2025-06-08 21:00:00,odd_hour
2025-10-04 12:00:00,even_hour
2025-10-04 13:00:00,odd_hour
2025-10-04 14:00:00,even_hour
2025-10-09 13:00:00,odd_hour
2025-10-09 14:00:00,even_hour
2025-10-12 05:00:00,odd_hour
2025-11-04 16:00:00,even_hour
2025-11-04 17:00:00,odd_hour
2025-11-04 18:00:00,even_hour
2025-11-04 19:00:00,odd_hour
2026-01-14 20:00:00,even_hour
